"Time","Potential"
0.0,76.4
0.5,76.6
1.0,76.6
1.5,77.0
2.0,76.3
2.5,76.4
3.0,77.3
3.5,76.0
4.0,76.4
4.5,76.9
5.0,76.1
5.5,76.4
6.0,76.6
6.5,76.7
7.0,76.3
7.5,75.9
8.0,76.7
8.5,76.3
9.0,76.0
9.5,76.4
10.0,76.4
10.5,76.5
11.0,76.8
11.5,76.2
12.0,76.0
12.5,76.3
13.0,76.4
13.5,76.3
14.0,75.9
14.5,76.5
15.0,76.9
15.5,76.0
16.0,76.9
16.5,76.7
17.0,76.0
17.5,76.3
18.0,76.0
18.5,75.6
19.0,76.2
19.5,76.0
20.0,76.3
20.5,76.4
21.0,75.7
21.5,76.3
22.0,76.5
22.5,75.2
23.0,76.2
23.5,76.4
24.0,76.0
24.5,76.3
25.0,76.0
25.5,76.3
26.0,76.3
26.5,75.8
27.0,76.4
27.5,75.8
28.0,75.8
28.5,76.5
29.0,76.4
29.5,76.0
30.0,76.3
30.5,76.1
31.0,76.1
31.5,75.8
32.0,75.6
32.5,75.8
33.0,75.2
33.5,75.8
34.0,75.9
34.5,75.5
35.0,75.8
35.5,75.8
36.0,75.9
36.5,75.8
37.0,75.5
37.5,76.0
38.0,75.2
38.5,75.2
39.0,75.9
39.5,74.8
40.0,75.1
40.5,75.4
41.0,74.8
41.5,75.3
42.0,74.9
42.5,75.2
43.0,75.2
43.5,74.8
44.0,75.2
44.5,75.2
45.0,74.6
45.5,75.2
46.0,75.1
46.5,75.0
47.0,74.8
47.5,74.6
48.0,75.4
48.5,74.8
49.0,74.6
49.5,75.1
50.0,74.5
50.5,74.7
51.0,75.2
51.5,74.6
52.0,74.6
52.5,75.1
53.0,74.5
53.5,74.6
54.0,74.6
54.5,74.5
55.0,74.5
55.5,74.5
56.0,75.3
56.5,74.6
57.0,74.7
57.5,74.7
58.0,74.5
58.5,74.2
59.0,74.2
59.5,74.0
60.0,74.6
60.5,74.4
61.0,74.5
61.5,74.6
62.0,74.0
62.5,74.7
63.0,75.2
63.5,74.3
64.0,74.5
64.5,74.2
65.0,74.5
65.5,74.4
66.0,74.5
66.5,74.5
67.0,74.1
67.5,74.1
68.0,74.7
68.5,74.3
69.0,74.9
69.5,74.7
70.0,74.1
70.5,74.6
71.0,74.6
71.5,74.1
72.0,74.4
72.5,74.1
73.0,74.6
73.5,74.5
74.0,74.0
74.5,74.5
75.0,74.0
75.5,74.1
76.0,74.5
76.5,74.5
77.0,74.6
77.5,74.2
78.0,74.1
78.5,74.6
79.0,74.0
79.5,74.7
80.0,74.1
80.5,74.0
81.0,74.5
81.5,74.5
82.0,74.5
82.5,74.6
83.0,74.5
83.5,74.6
84.0,74.6
84.5,74.1
85.0,74.6
85.5,73.8
86.0,74.1
86.5,75.0
87.0,75.1
87.5,75.2
88.0,74.6
88.5,75.1
89.0,74.8
89.5,75.0
90.0,75.3
90.5,75.5
91.0,75.2
91.5,75.7
92.0,75.5
92.5,75.2
93.0,75.8
93.5,75.2
94.0,75.3
94.5,75.6
95.0,75.9
95.5,75.2
96.0,75.1
96.5,75.5
97.0,75.7
97.5,75.2
98.0,75.2
98.5,75.2
99.0,75.1
99.5,75.1
100.0,75.2
100.5,75.2
101.0,74.8
101.5,74.9
102.0,75.2
102.5,74.8
103.0,74.5
103.5,74.9
104.0,74.6
104.5,75.1
105.0,74.6
105.5,74.7
106.0,74.7
106.5,74.5
107.0,74.9
107.5,75.2
108.0,74.8
108.5,75.1
109.0,75.3
109.5,75.3
110.0,74.8
110.5,74.6
111.0,75.3
111.5,74.2
112.0,74.5
112.5,75.5
113.0,74.9
113.5,74.8
114.0,75.0
114.5,75.1
115.0,75.4
115.5,74.8
116.0,75.8
116.5,74.9
117.0,74.5
117.5,75.7
118.0,75.2
118.5,75.3
119.0,75.6
119.5,75.2
120.0,75.7
120.5,75.0
121.0,75.7
121.5,76.4
122.0,75.4
122.5,75.8
123.0,76.3
123.5,75.6
124.0,76.0
124.5,75.9
125.0,75.5
125.5,75.3
126.0,74.9
126.5,75.8
127.0,75.2
127.5,74.9
128.0,75.8
128.5,74.9
129.0,75.1
129.5,76.0
130.0,75.5
130.5,75.3
131.0,75.6
131.5,75.6
132.0,75.7
132.5,75.2
133.0,75.8
133.5,76.0
134.0,75.2
134.5,75.8
135.0,75.8
135.5,75.5
136.0,76.0
136.5,75.4
137.0,76.1
137.5,75.7
138.0,75.8
138.5,76.3
139.0,75.8
139.5,75.5
140.0,76.3
140.5,75.9
141.0,75.8
141.5,76.2
142.0,75.8
142.5,76.1
143.0,75.6
143.5,75.8
144.0,76.3
144.5,75.1
145.0,75.8
145.5,75.8
146.0,75.5
146.5,76.1
147.0,75.8
147.5,76.0
148.0,76.4
148.5,75.8
149.0,76.5
149.5,75.8
150.0,75.4
150.5,76.6
151.0,75.9
151.5,76.3
152.0,76.9
152.5,75.8
153.0,76.4
153.5,76.0
154.0,76.1
154.5,77.3
155.0,76.4
155.5,77.0
156.0,77.4
156.5,76.2
157.0,76.9
157.5,76.5
158.0,76.4
158.5,77.0
159.0,76.5
159.5,77.1
160.0,76.5
160.5,76.0
161.0,77.3
161.5,76.5
162.0,76.6
162.5,77.2
163.0,76.3
163.5,77.1
164.0,76.4
164.5,76.0
165.0,77.3
165.5,75.6
166.0,76.3
166.5,76.9
167.0,76.1
167.5,76.9
168.0,76.9
168.5,76.4
169.0,77.4
169.5,76.9
170.0,77.1
170.5,77.2
171.0,76.3
171.5,77.4
172.0,76.4
172.5,76.0
173.0,77.3
173.5,76.0
174.0,77.1
174.5,77.0
175.0,76.4
175.5,77.7
176.0,76.0
176.5,77.6
177.0,77.6
177.5,76.0
178.0,76.9
178.5,76.5
179.0,77.1
179.5,77.1
180.0,76.2
180.5,77.3
181.0,76.1
181.5,75.9
182.0,77.7
182.5,76.0
183.0,76.5
183.5,77.4
184.0,76.4
184.5,77.0
185.0,76.7
185.5,77.3
186.0,77.8
186.5,76.3
187.0,77.7
187.5,77.6
188.0,76.3
188.5,77.4
189.0,76.8
189.5,77.1
190.0,77.3
190.5,76.2
191.0,77.6
191.5,76.1
192.0,76.5
192.5,77.8
193.0,76.0
193.5,76.8
194.0,77.1
194.5,76.2
195.0,77.5
195.5,76.5
196.0,77.3
196.5,77.5
197.0,76.4
197.5,77.8
198.0,77.2
198.5,76.3
199.0,77.5
199.5,76.5
200.0,76.9
200.5,77.2
201.0,76.0
201.5,77.7
202.0,76.0
202.5,76.4
203.0,77.0
203.5,75.2
204.0,77.0
204.5,77.1
205.0,76.4
205.5,77.3
206.0,76.3
206.5,77.4
207.0,77.0
207.5,76.0
208.0,77.8
208.5,76.6
209.0,76.4
209.5,78.5
210.0,76.4
210.5,76.6
211.0,77.6
211.5,76.9
212.0,78.1
212.5,76.9
213.0,78.0
213.5,78.5
214.0,76.3
214.5,77.9
215.0,77.6
215.5,76.1
216.0,77.4
216.5,76.8
217.0,76.8
217.5,77.2
218.0,76.5
218.5,77.8
219.0,76.4
219.5,76.9
220.0,78.0
220.5,76.1
221.0,77.0
221.5,77.4
222.0,76.1
222.5,77.0
223.0,76.4
223.5,77.4
224.0,77.3
224.5,75.9
225.0,78.1
225.5,76.4
226.0,76.0
226.5,77.7
227.0,76.4
227.5,76.5
228.0,77.1
228.5,76.3
229.0,77.3
229.5,76.3
230.0,76.9
230.5,77.8
231.0,76.0
231.5,77.0
232.0,77.1
232.5,76.6
233.0,77.4
233.5,76.5
234.0,77.1
234.5,77.1
235.0,76.0
235.5,78.2
236.0,77.2
236.5,77.0
237.0,78.3
237.5,76.8
238.0,77.6
238.5,77.4
239.0,76.9
239.5,78.2
240.0,76.4
240.5,77.5
241.0,78.0
241.5,75.9
242.0,77.7
242.5,77.1
243.0,76.8
243.5,77.7
244.0,76.7
244.5,77.5
245.0,77.4
245.5,77.3
246.0,78.1
246.5,77.2
247.0,76.9
247.5,78.2
248.0,76.4
248.5,76.9
249.0,77.6
249.5,76.9
250.0,77.7
250.5,77.5
251.0,77.1
251.5,77.5
252.0,76.0
252.5,77.7
253.0,77.5
253.5,76.4
254.0,77.8
254.5,77.0
255.0,77.4
255.5,77.4
256.0,76.6
256.5,78.0
257.0,76.7
257.5,76.5
258.0,77.3
258.5,75.9
259.0,76.9
259.5,76.9
260.0,75.9
260.5,77.0
261.0,76.3
261.5,76.9
262.0,77.0
262.5,75.9
263.0,77.3
263.5,76.4
264.0,75.6
264.5,77.2
265.0,76.4
265.5,77.0
266.0,77.3
266.5,76.7
267.0,77.6
267.5,76.6
268.0,77.0
268.5,77.5
269.0,76.0
269.5,77.0
270.0,76.6
270.5,76.6
271.0,77.6
271.5,76.7
272.0,77.3
272.5,76.9
273.0,76.3
273.5,77.6
274.0,76.6
274.5,76.4
275.0,76.8
275.5,76.5
276.0,77.0
276.5,77.0
277.0,76.5
277.5,77.3
278.0,76.4
278.5,76.9
279.0,77.6
279.5,76.8
280.0,77.5
280.5,76.9
281.0,76.5
281.5,77.4
282.0,76.9
282.5,77.0
283.0,77.3
283.5,77.0
284.0,77.8
284.5,77.0
285.0,77.0
285.5,77.6
286.0,76.4
286.5,77.0
287.0,77.6
287.5,77.0
288.0,77.7
288.5,77.0
289.0,77.2
289.5,77.7
290.0,76.8
290.5,77.5
291.0,77.0
291.5,77.0
292.0,78.1
292.5,77.0
293.0,77.0
293.5,77.4
294.0,77.0
294.5,77.3
295.0,77.3
295.5,77.4
296.0,78.2
296.5,76.6
297.0,77.4
297.5,77.8
298.0,76.7
298.5,77.5
299.0,76.5
299.5,76.8
300.0,77.6
300.5,76.6
301.0,77.9
301.5,77.6
302.0,77.0
302.5,78.5
303.0,77.3
303.5,77.4
304.0,78.2
304.5,77.3
305.0,78.7
305.5,77.4
306.0,78.1
306.5,78.4
307.0,76.6
307.5,78.2
308.0,77.7
308.5,77.2
309.0,78.2
309.5,77.0
310.0,78.5
310.5,77.7
311.0,76.3
311.5,78.7
312.0,76.7
312.5,76.7
313.0,77.9
313.5,76.4
314.0,77.8
314.5,76.8
315.0,77.1
315.5,78.5
316.0,76.4
316.5,78.5
317.0,78.7
317.5,76.7
318.0,79.2
318.5,77.7
319.0,77.6
319.5,78.2
320.0,77.0
320.5,78.6
321.0,77.4
321.5,77.1
322.0,78.9
322.5,77.0
323.0,77.3
323.5,78.4
324.0,76.3
324.5,77.3
325.0,78.1
325.5,77.7
326.0,78.3
326.5,77.8
327.0,78.6
327.5,77.7
328.0,76.9
328.5,78.8
329.0,78.1
329.5,76.9
330.0,78.2
330.5,77.7
331.0,78.2
331.5,78.6
332.0,78.7
332.5,79.0
333.0,77.4
333.5,78.6
334.0,78.7
334.5,77.3
335.0,78.4
335.5,78.6
336.0,78.2
336.5,78.5
337.0,78.4
337.5,79.1
338.0,78.4
338.5,77.7
339.0,79.4
339.5,78.2
340.0,77.9
340.5,79.1
341.0,78.4
341.5,78.7
342.0,78.3
342.5,78.4
343.0,79.2
343.5,77.3
344.0,78.5
344.5,79.2
345.0,77.1
345.5,78.9
346.0,78.5
346.5,77.8
347.0,78.3
347.5,78.3
348.0,79.3
348.5,78.1
349.0,77.7
349.5,79.5
350.0,78.0
350.5,78.1
351.0,78.8
351.5,78.1
352.0,78.4
352.5,78.3
353.0,78.6
353.5,78.8
354.0,77.2
354.5,79.1
355.0,78.8
355.5,77.3
356.0,78.8
356.5,78.7
357.0,78.6
357.5,78.2
358.0,78.2
358.5,79.5
359.0,78.0
359.5,78.5
360.0,79.9
360.5,78.3
361.0,78.3
361.5,79.3
362.0,78.2
362.5,78.5
363.0,79.1
363.5,77.9
364.0,77.4
364.5,78.2
365.0,77.8
365.5,77.9
366.0,76.0
366.5,77.4
367.0,77.4
367.5,75.9
368.0,77.2
368.5,76.6
369.0,76.0
369.5,75.8
370.0,76.3
370.5,75.9
371.0,74.2
371.5,75.5
372.0,75.1
372.5,74.1
373.0,73.8
373.5,74.4
374.0,73.8
374.5,72.0
375.0,72.8
375.5,72.9
376.0,70.9
376.5,71.4
377.0,71.7
377.5,71.0
378.0,70.7
378.5,70.2
379.0,70.6
379.5,69.7
380.0,68.8
380.5,70.0
381.0,68.7
381.5,67.7
382.0,68.7
382.5,67.8
383.0,66.7
383.5,66.6
384.0,66.5
384.5,66.0
385.0,64.3
385.5,64.9
386.0,65.2
386.5,63.3
387.0,63.5
387.5,63.8
388.0,62.6
388.5,61.8
389.0,61.4
389.5,62.0
390.0,60.2
390.5,59.3
391.0,60.3
391.5,58.3
392.0,57.3
392.5,58.5
393.0,57.0
393.5,56.5
394.0,55.5
394.5,55.6
395.0,55.3
395.5,53.3
396.0,54.1
396.5,53.9
397.0,52.2
397.5,52.7
398.0,51.6
398.5,51.2
399.0,49.8
399.5,49.4
400.0,49.8
400.5,47.7
401.0,47.5
401.5,47.9
402.0,46.0
402.5,46.1
403.0,46.1
403.5,44.6
404.0,44.2
404.5,44.0
405.0,43.1
405.5,42.1
406.0,41.0
406.5,41.6
407.0,40.4
407.5,39.3
408.0,39.7
408.5,38.3
409.0,37.4
409.5,37.3
410.0,36.7
410.5,35.9
411.0,35.0
411.5,34.8
412.0,34.6
412.5,32.7
413.0,32.9
413.5,32.5
414.0,30.7
414.5,30.4
415.0,30.3
415.5,30.0
416.0,28.6
416.5,27.7
417.0,27.6
417.5,26.3
418.0,25.6
418.5,26.1
419.0,24.5
419.5,23.9
420.0,24.7
420.5,23.3
421.0,22.5
421.5,21.4
422.0,21.7
422.5,20.9
423.0,19.3
423.5,19.6
424.0,19.3
424.5,17.4
425.0,17.1
425.5,17.5
426.0,16.9
426.5,15.9
427.0,15.2
427.5,15.1
428.0,13.7
428.5,13.0
429.0,13.8
429.5,12.7
430.0,11.9
430.5,12.0
431.0,11.2
431.5,10.5
432.0,9.8
432.5,9.6
433.0,8.7
433.5,7.4
434.0,7.7
434.5,7.3
435.0,5.7
435.5,6.0
436.0,5.6
436.5,4.9
437.0,4.6
437.5,4.5
438.0,4.3
438.5,2.8
439.0,2.5
439.5,3.2
440.0,2.0
440.5,1.8
441.0,2.2
441.5,1.0
442.0,0.5
442.5,0.4
443.0,-0.2
443.5,-0.6
444.0,-1.2
444.5,-1.1
445.0,-1.9
445.5,-3.2
446.0,-2.5
446.5,-3.0
447.0,-3.8
447.5,-3.8
448.0,-3.8
448.5,-4.4
449.0,-5.1
449.5,-4.6
450.0,-5.0
450.5,-6.3
451.0,-5.7
451.5,-5.7
452.0,-6.4
452.5,-6.8
453.0,-6.7
453.5,-7.2
454.0,-7.9
454.5,-7.9
455.0,-7.9
455.5,-8.6
456.0,-8.6
456.5,-8.2
457.0,-8.6
457.5,-9.2
458.0,-8.9
458.5,-8.9
459.0,-9.6
459.5,-9.7
460.0,-9.0
460.5,-9.4
461.0,-10.2
461.5,-9.4
462.0,-9.4
462.5,-9.6
463.0,-10.0
463.5,-10.1
464.0,-10.2
464.5,-10.7
465.0,-10.2
465.5,-9.4
466.0,-10.2
466.5,-10.2
467.0,-9.4
467.5,-9.9
468.0,-10.2
468.5,-9.8
469.0,-9.4
469.5,-9.5
470.0,-9.9
470.5,-9.0
471.0,-9.2
471.5,-10.0
472.0,-9.3
472.5,-9.5
473.0,-9.7
473.5,-9.2
474.0,-8.9
474.5,-8.8
475.0,-9.1
475.5,-8.5
476.0,-8.4
476.5,-9.0
477.0,-8.4
477.5,-7.6
478.0,-7.8
478.5,-7.7
479.0,-7.0
479.5,-6.8
480.0,-6.8
480.5,-6.3
481.0,-6.2
481.5,-6.3
482.0,-5.7
482.5,-5.1
483.0,-5.4
483.5,-5.0
484.0,-4.2
484.5,-4.4
485.0,-4.5
485.5,-3.6
486.0,-3.0
486.5,-3.3
487.0,-3.2
487.5,-2.2
488.0,-2.4
488.5,-2.0
489.0,-1.2
489.5,-1.0
490.0,-0.9
490.5,-0.3
491.0,0.7
491.5,0.9
492.0,0.6
492.5,1.5
493.0,2.0
493.5,2.1
494.0,3.0
494.5,2.7
495.0,2.7
495.5,3.5
496.0,3.9
496.5,5.0
497.0,5.0
497.5,5.7
498.0,6.3
498.5,6.1
499.0,6.8
499.5,7.8
500.0,8.0
500.5,8.7
501.0,8.5
501.5,9.1
502.0,9.4
502.5,9.8
503.0,11.2
503.5,11.6
504.0,12.1
504.5,12.9
505.0,12.8
505.5,13.5
506.0,14.0
506.5,14.6
507.0,15.3
507.5,15.3
508.0,16.4
508.5,16.9
509.0,17.0
509.5,17.6
510.0,18.2
510.5,18.6
511.0,18.9
511.5,19.2
512.0,20.0
512.5,20.8
513.0,21.2
513.5,21.9
514.0,22.5
514.5,23.0
515.0,23.9
515.5,24.4
516.0,24.9
516.5,25.5
517.0,26.1
517.5,27.1
518.0,27.7
518.5,28.5
519.0,28.9
519.5,29.0
520.0,29.9
520.5,30.3
521.0,30.7
521.5,31.5
522.0,32.0
522.5,32.6
523.0,32.5
523.5,33.4
524.0,34.2
524.5,34.4
525.0,35.0
525.5,35.5
526.0,35.8
526.5,36.4
527.0,36.7
527.5,37.5
528.0,38.0
528.5,37.9
529.0,39.3
529.5,39.8
530.0,39.8
530.5,41.0
531.0,41.4
531.5,41.6
532.0,42.5
532.5,42.8
533.0,43.3
533.5,43.5
534.0,43.6
534.5,45.1
535.0,45.2
535.5,45.8
536.0,46.9
536.5,46.7
537.0,47.5
537.5,48.0
538.0,48.7
538.5,48.8
539.0,49.0
539.5,50.0
540.0,50.6
540.5,50.6
541.0,51.7
541.5,51.9
542.0,51.9
542.5,52.7
543.0,53.0
543.5,53.6
544.0,53.8
544.5,54.5
545.0,55.5
545.5,54.7
546.0,55.4
546.5,56.0
547.0,55.7
547.5,56.5
548.0,56.8
548.5,57.1
549.0,57.8
549.5,57.7
550.0,58.3
550.5,58.6
551.0,58.4
551.5,59.6
552.0,59.6
552.5,59.8
553.0,60.5
553.5,60.4
554.0,61.2
554.5,60.9
555.0,61.4
555.5,61.5
556.0,61.6
556.5,62.1
557.0,62.3
557.5,62.6
558.0,62.9
558.5,63.2
559.0,63.1
559.5,63.9
560.0,63.6
560.5,64.3
561.0,63.8
561.5,64.4
562.0,65.0
562.5,65.4
563.0,64.8
563.5,65.5
564.0,65.6
564.5,65.6
565.0,65.8
565.5,66.3
566.0,65.9
566.5,66.1
567.0,66.2
567.5,66.2
568.0,66.2
568.5,66.3
569.0,66.8
569.5,66.6
570.0,67.2
570.5,67.3
571.0,67.3
571.5,67.2
572.0,67.4
572.5,67.4
573.0,67.2
573.5,67.4
574.0,67.4
574.5,67.2
575.0,67.1
575.5,67.3
576.0,66.9
576.5,66.8
577.0,67.0
577.5,67.1
578.0,67.2
578.5,66.9
579.0,67.2
579.5,67.4
580.0,66.9
580.5,66.8
581.0,66.7
581.5,66.4
582.0,66.2
582.5,66.2
583.0,65.6
583.5,65.8
584.0,65.7
584.5,65.5
585.0,65.3
585.5,64.8
586.0,65.1
586.5,64.7
587.0,64.4
587.5,64.7
588.0,63.8
588.5,64.1
589.0,63.8
589.5,63.9
590.0,63.8
590.5,62.6
591.0,62.9
591.5,63.0
592.0,62.4
592.5,61.9
593.0,61.8
593.5,61.7
594.0,61.0
594.5,60.8
595.0,60.9
595.5,60.3
596.0,60.0
596.5,59.6
597.0,60.0
597.5,59.1
598.0,59.0
598.5,59.1
599.0,58.4
599.5,57.7
600.0,57.6
600.5,57.1
601.0,56.7
601.5,56.5
602.0,56.0
602.5,55.4
603.0,54.9
603.5,54.8
604.0,54.6
604.5,54.0
605.0,53.9
605.5,53.7
606.0,53.1
606.5,52.6
607.0,52.3
607.5,51.7
608.0,51.1
608.5,51.1
609.0,50.6
609.5,49.5
610.0,49.4
610.5,49.3
611.0,48.4
611.5,48.3
612.0,47.9
612.5,47.6
613.0,46.9
613.5,46.5
614.0,46.3
614.5,45.5
615.0,44.9
615.5,45.1
616.0,44.0
616.5,43.4
617.0,43.1
617.5,42.6
618.0,42.4
618.5,41.6
619.0,41.1
619.5,41.0
620.0,40.1
620.5,39.7
621.0,39.7
621.5,38.6
622.0,38.0
622.5,37.7
623.0,37.5
623.5,36.8
624.0,36.7
624.5,36.1
625.0,35.2
625.5,34.7
626.0,34.4
626.5,33.7
627.0,33.3
627.5,32.8
628.0,32.3
628.5,31.6
629.0,31.2
629.5,30.8
630.0,30.4
630.5,29.7
631.0,29.7
631.5,29.0
632.0,28.4
632.5,28.0
633.0,27.8
633.5,27.5
634.0,27.0
634.5,26.4
635.0,26.4
635.5,25.3
636.0,25.1
636.5,24.8
637.0,24.1
637.5,23.5
638.0,23.1
638.5,22.5
639.0,22.0
639.5,21.3
640.0,21.1
640.5,20.1
641.0,20.0
641.5,19.9
642.0,19.3
642.5,18.5
643.0,18.2
643.5,18.1
644.0,17.3
644.5,17.0
645.0,16.4
645.5,15.9
646.0,15.3
646.5,15.3
647.0,14.4
647.5,13.7
648.0,13.5
648.5,13.4
649.0,13.0
649.5,12.3
650.0,12.3
650.5,11.9
651.0,11.7
651.5,11.6
652.0,11.2
652.5,11.0
653.0,10.4
653.5,9.8
654.0,9.1
654.5,8.4
655.0,8.3
655.5,8.1
656.0,7.8
656.5,7.2
657.0,6.9
657.5,6.8
658.0,6.6
658.5,6.3
659.0,6.3
659.5,5.4
660.0,5.1
660.5,5.1
661.0,4.5
661.5,3.9
662.0,4.0
662.5,3.9
663.0,3.9
663.5,3.3
664.0,3.6
664.5,3.3
665.0,2.7
665.5,2.4
666.0,2.2
666.5,2.1
667.0,2.1
667.5,1.8
668.0,1.5
668.5,1.7
669.0,1.7
669.5,2.0
670.0,1.2
670.5,1.0
671.0,0.9
671.5,0.9
672.0,0.8
672.5,0.6
673.0,0.4
673.5,-0.2
674.0,-0.2
674.5,0.3
675.0,0.1
675.5,-0.2
676.0,-0.2
676.5,-0.3
677.0,-0.3
677.5,-0.3
678.0,-0.3
678.5,-0.4
679.0,-0.7
679.5,-0.9
680.0,-0.9
680.5,-0.8
681.0,-0.9
681.5,-0.4
682.0,-0.4
682.5,-0.9
683.0,-0.4
683.5,-0.4
684.0,-0.9
684.5,-0.5
685.0,-1.0
685.5,-0.9
686.0,-0.5
686.5,-0.3
687.0,-0.3
687.5,-0.9
688.0,-0.9
688.5,-0.3
689.0,-0.5
689.5,-0.4
690.0,-0.3
690.5,-0.3
691.0,-0.3
691.5,0.0
692.0,0.3
692.5,0.8
693.0,0.7
693.5,0.9
694.0,0.9
694.5,1.2
695.0,1.5
695.5,1.5
696.0,1.5
696.5,2.1
697.0,2.1
697.5,2.6
698.0,2.3
698.5,2.5
699.0,2.6
699.5,2.7
700.0,3.3
700.5,3.3
701.0,3.3
701.5,3.9
702.0,3.9
702.5,4.4
703.0,4.5
703.5,5.0
704.0,5.7
704.5,5.1
705.0,5.8
705.5,5.8
706.0,5.7
706.5,5.8
707.0,6.8
707.5,7.1
708.0,7.5
708.5,7.5
709.0,8.0
709.5,8.0
710.0,7.6
710.5,8.5
711.0,9.1
711.5,9.2
712.0,9.4
712.5,9.8
713.0,9.9
713.5,10.4
714.0,11.1
714.5,11.6
715.0,11.7
715.5,11.9
716.0,12.3
716.5,12.8
717.0,12.8
717.5,12.8
718.0,13.4
718.5,14.1
719.0,14.1
719.5,15.0
720.0,15.3
720.5,15.9
721.0,16.3
721.5,16.4
722.0,16.6
722.5,17.1
723.0,17.6
723.5,17.7
724.0,17.8
724.5,18.3
725.0,18.9
725.5,19.5
726.0,19.9
726.5,20.7
727.0,20.7
727.5,21.3
728.0,21.7
728.5,21.7
729.0,22.3
729.5,22.4
730.0,23.1
730.5,23.5
731.0,23.7
731.5,24.3
732.0,24.5
732.5,24.8
733.0,25.4
733.5,26.1
734.0,26.5
734.5,27.4
735.0,27.9
735.5,28.5
736.0,28.8
736.5,29.2
737.0,29.7
737.5,29.7
738.0,30.3
738.5,30.7
739.0,30.8
739.5,31.7
740.0,32.0
740.5,32.6
741.0,32.9
741.5,33.0
742.0,33.8
742.5,33.9
743.0,34.3
743.5,35.4
744.0,35.1
744.5,35.6
745.0,35.9
745.5,36.2
746.0,37.4
746.5,37.5
747.0,37.9
747.5,38.1
748.0,38.6
748.5,39.2
749.0,39.3
749.5,39.3
750.0,40.3
750.5,40.4
751.0,41.1
751.5,41.1
752.0,41.1
752.5,41.6
753.0,41.6
753.5,42.2
754.0,42.8
754.5,42.9
755.0,43.3
755.5,43.6
756.0,44.0
756.5,44.7
757.0,44.7
757.5,45.2
758.0,45.8
758.5,45.7
759.0,46.2
759.5,46.4
760.0,46.5
760.5,47.4
761.0,47.4
761.5,47.7
762.0,48.3
762.5,48.2
763.0,48.7
763.5,48.8
764.0,49.0
764.5,49.9
765.0,49.4
765.5,49.4
766.0,50.3
766.5,50.5
767.0,51.2
767.5,51.7
768.0,51.5
768.5,51.7
769.0,51.9
769.5,51.9
770.0,51.9
770.5,51.9
771.0,52.4
771.5,52.7
772.0,53.0
772.5,53.3
773.0,53.0
773.5,53.3
774.0,53.7
774.5,53.4
775.0,54.1
775.5,54.0
776.0,54.2
776.5,54.6
777.0,54.0
777.5,54.2
778.0,54.8
778.5,54.6
779.0,54.8
779.5,54.8
780.0,55.2
780.5,55.4
781.0,55.3
781.5,55.5
782.0,55.5
782.5,55.6
783.0,55.9
783.5,56.6
784.0,56.6
784.5,56.5
785.0,56.8
785.5,56.6
786.0,56.6
786.5,56.6
787.0,57.2
787.5,56.7
788.0,57.1
788.5,57.1
789.0,57.1
789.5,57.2
790.0,56.7
790.5,57.1
791.0,56.6
791.5,56.6
792.0,57.0
792.5,56.8
793.0,56.6
793.5,56.6
794.0,56.6
794.5,56.0
795.0,56.1
795.5,56.1
796.0,56.1
796.5,55.9
797.0,56.1
797.5,56.0
798.0,56.0
798.5,56.0
799.0,55.8
799.5,55.7
800.0,55.3
800.5,55.3
801.0,55.3
801.5,54.9
802.0,54.8
802.5,54.9
803.0,54.4
803.5,54.2
804.0,54.2
804.5,54.2
805.0,54.4
805.5,54.0
806.0,54.2
806.5,53.7
807.0,53.5
807.5,53.5
808.0,53.3
808.5,53.0
809.0,53.0
809.5,52.9
810.0,52.6
810.5,52.9
811.0,52.1
811.5,51.8
812.0,51.2
812.5,51.2
813.0,51.4
813.5,51.2
814.0,50.7
814.5,50.6
815.0,50.5
815.5,50.3
816.0,49.4
816.5,49.5
817.0,50.0
817.5,49.3
818.0,49.3
818.5,48.9
819.0,48.5
819.5,48.3
820.0,48.1
820.5,47.7
821.0,47.0
821.5,46.5
822.0,46.5
822.5,46.5
823.0,45.8
823.5,45.7
824.0,45.3
824.5,45.2
825.0,44.3
825.5,44.2
826.0,44.0
826.5,43.6
827.0,43.4
827.5,42.9
828.0,42.8
828.5,42.5
829.0,42.2
829.5,41.6
830.0,41.5
830.5,41.5
831.0,41.0
831.5,40.4
832.0,39.8
832.5,39.8
833.0,39.2
833.5,38.7
834.0,38.6
834.5,38.1
835.0,37.5
835.5,37.4
836.0,37.1
836.5,36.8
837.0,36.5
837.5,36.1
838.0,35.7
838.5,35.7
839.0,35.0
839.5,34.4
840.0,34.3
840.5,33.9
841.0,33.8
841.5,33.2
842.0,32.6
842.5,32.2
843.0,31.8
843.5,31.4
844.0,30.8
844.5,30.6
845.0,30.8
845.5,30.3
846.0,29.9
846.5,29.6
847.0,29.0
847.5,28.9
848.0,28.4
848.5,27.9
849.0,27.2
849.5,26.7
850.0,26.4
850.5,26.1
851.0,26.0
851.5,25.9
852.0,24.9
852.5,24.9
853.0,24.3
853.5,24.3
854.0,23.8
854.5,23.6
855.0,23.4
855.5,23.1
856.0,22.9
856.5,22.4
857.0,21.8
857.5,21.3
858.0,21.2
858.5,20.9
859.0,20.9
859.5,20.7
860.0,20.0
860.5,20.0
861.0,19.5
861.5,19.3
862.0,18.7
862.5,18.2
863.0,18.2
863.5,17.7
864.0,17.6
864.5,17.7
865.0,17.1
865.5,16.9
866.0,16.3
866.5,15.8
867.0,15.8
867.5,15.8
868.0,15.6
868.5,15.3
869.0,14.7
869.5,14.6
870.0,14.1
870.5,13.5
871.0,14.0
871.5,13.5
872.0,13.4
872.5,13.4
873.0,12.9
873.5,12.3
874.0,12.3
874.5,12.2
875.0,12.2
875.5,11.9
876.0,11.7
876.5,11.7
877.0,10.8
877.5,11.2
878.0,11.0
878.5,10.5
879.0,10.5
879.5,9.9
880.0,9.7
880.5,9.9
881.0,9.3
881.5,9.2
882.0,8.8
882.5,8.7
883.0,8.1
883.5,8.0
884.0,8.1
884.5,8.1
885.0,8.2
885.5,8.1
886.0,8.1
886.5,7.7
887.0,7.5
887.5,7.5
888.0,7.6
888.5,7.5
889.0,7.8
889.5,7.4
890.0,7.6
890.5,7.5
891.0,7.3
891.5,6.8
892.0,6.9
892.5,6.8
893.0,6.9
893.5,6.9
894.0,6.6
894.5,6.2
895.0,6.3
895.5,6.3
896.0,6.2
896.5,6.3
897.0,6.3
897.5,5.7
898.0,5.8
898.5,6.1
899.0,6.2
899.5,5.8
900.0,5.8
900.5,5.8
901.0,6.0
901.5,6.2
902.0,6.3
902.5,6.1
903.0,6.3
903.5,6.3
904.0,6.2
904.5,6.3
905.0,6.2
905.5,6.3
906.0,6.3
906.5,6.2
907.0,6.3
907.5,6.8
908.0,6.8
908.5,6.9
909.0,7.2
909.5,7.5
910.0,7.6
910.5,7.6
911.0,8.1
911.5,8.0
912.0,8.1
912.5,8.1
913.0,7.9
913.5,8.1
914.0,8.1
914.5,8.7
915.0,9.2
915.5,9.3
916.0,9.3
916.5,9.5
917.0,9.8
917.5,9.9
918.0,9.9
918.5,10.4
919.0,10.2
919.5,10.1
920.0,11.0
920.5,11.2
921.0,11.2
921.5,11.6
922.0,11.7
922.5,12.3
923.0,12.3
923.5,12.3
924.0,12.9
924.5,13.0
925.0,13.0
925.5,13.2
926.0,13.5
926.5,13.9
927.0,14.3
927.5,14.6
928.0,14.6
928.5,15.3
929.0,15.2
929.5,15.3
930.0,15.9
930.5,15.9
931.0,16.4
931.5,16.7
932.0,17.0
932.5,17.1
933.0,17.1
933.5,17.7
934.0,17.6
934.5,17.6
935.0,18.2
935.5,18.2
936.0,18.9
936.5,19.1
937.0,19.4
937.5,19.8
938.0,19.8
938.5,20.0
939.0,20.0
939.5,20.7
940.0,21.2
940.5,21.5
941.0,21.8
941.5,22.1
942.0,22.1
942.5,22.9
943.0,23.1
943.5,23.1
944.0,23.7
944.5,23.7
945.0,24.1
945.5,24.3
946.0,24.9
946.5,25.2
947.0,25.4
947.5,26.0
948.0,26.2
948.5,26.7
949.0,26.7
949.5,27.3
950.0,27.6
950.5,27.9
951.0,27.9
951.5,27.9
952.0,28.5
952.5,28.8
953.0,29.1
953.5,29.7
954.0,29.6
954.5,30.2
955.0,30.3
955.5,30.7
956.0,31.5
956.5,31.7
957.0,32.1
957.5,32.4
958.0,32.6
958.5,32.9
959.0,33.2
959.5,33.2
960.0,33.8
960.5,33.9
961.0,33.9
961.5,34.3
962.0,34.4
962.5,35.1
963.0,35.6
963.5,35.7
964.0,36.2
964.5,36.2
965.0,36.3
965.5,36.8
966.0,37.4
966.5,37.8
967.0,38.0
967.5,38.0
968.0,38.1
968.5,38.6
969.0,39.2
969.5,39.2
970.0,39.7
970.5,39.9
971.0,39.9
971.5,40.4
972.0,40.4
972.5,40.8
973.0,41.2
973.5,41.1
974.0,41.6
974.5,41.6
975.0,42.2
975.5,42.2
976.0,42.9
976.5,42.9
977.0,42.9
977.5,42.9
978.0,43.5
978.5,43.4
979.0,43.9
979.5,44.5
980.0,44.2
980.5,44.0
981.0,44.5
981.5,44.7
982.0,44.9
982.5,45.1
983.0,45.2
983.5,45.2
984.0,45.3
984.5,45.8
985.0,46.2
985.5,46.4
986.0,46.5
986.5,46.5
987.0,46.9
987.5,46.8
988.0,47.2
988.5,47.4
989.0,47.7
989.5,47.9
990.0,48.1
990.5,47.7
991.0,48.3
991.5,48.2
992.0,48.8
992.5,49.2
993.0,48.8
993.5,48.8
994.0,48.8
994.5,48.9
995.0,49.4
995.5,49.0
996.0,49.4
996.5,49.4
997.0,49.4
997.5,49.4
998.0,49.8
998.5,49.7
999.0,50.3
999.5,50.2
1000.0,50.1
1000.5,50.3
1001.0,50.6
1001.5,50.3
1002.0,50.1
1002.5,50.7
1003.0,50.4
1003.5,50.1
1004.0,50.6
1004.5,50.5
1005.0,50.1
1005.5,50.1
1006.0,50.1
1006.5,50.1
1007.0,50.5
1007.5,51.2
1008.0,51.2
1008.5,50.6
1009.0,50.6
1009.5,50.7
1010.0,50.8
1010.5,51.2
1011.0,50.6
1011.5,50.6
1012.0,50.8
1012.5,50.7
1013.0,50.5
1013.5,50.1
1014.0,50.0
1014.5,50.0
1015.0,50.1
1015.5,50.1
1016.0,50.0
1016.5,49.4
1017.0,49.5
1017.5,49.4
1018.0,49.3
1018.5,49.4
1019.0,49.4
1019.5,49.3
1020.0,49.4
1020.5,49.3
1021.0,49.3
1021.5,48.7
1022.0,48.8
1022.5,48.8
1023.0,48.9
1023.5,48.8
1024.0,48.8
1024.5,48.6
1025.0,48.4
1025.5,48.3
1026.0,48.2
1026.5,48.1
1027.0,47.6
1027.5,47.6
1028.0,47.3
1028.5,46.5
1029.0,46.3
1029.5,45.8
1030.0,45.8
1030.5,45.7
1031.0,45.4
1031.5,45.2
1032.0,45.2
1032.5,44.7
1033.0,44.3
1033.5,44.0
1034.0,44.1
1034.5,44.0
1035.0,44.0
1035.5,44.0
1036.0,43.6
1036.5,43.9
1037.0,43.4
1037.5,42.9
1038.0,42.9
1038.5,42.8
1039.0,42.9
1039.5,42.9
1040.0,42.2
1040.5,41.8
1041.0,41.6
1041.5,41.2
1042.0,40.7
1042.5,40.5
1043.0,40.4
1043.5,40.3
1044.0,39.4
1044.5,39.9
1045.0,40.0
1045.5,39.4
1046.0,39.3
1046.5,39.1
1047.0,38.5
1047.5,38.0
1048.0,38.0
1048.5,38.0
1049.0,37.9
1049.5,37.1
1050.0,37.5
1050.5,36.8
1051.0,36.3
1051.5,36.2
1052.0,35.6
1052.5,35.1
1053.0,35.3
1053.5,35.5
1054.0,35.0
1054.5,34.5
1055.0,34.4
1055.5,33.9
1056.0,33.3
1056.5,33.3
1057.0,32.9
1057.5,32.9
1058.0,32.2
1058.5,31.3
1059.0,31.5
1059.5,31.3
1060.0,31.0
1060.5,31.3
1061.0,30.8
1061.5,30.4
1062.0,30.3
1062.5,29.8
1063.0,29.9
1063.5,29.7
1064.0,29.1
1064.5,29.3
1065.0,28.5
1065.5,28.3
1066.0,28.3
1066.5,27.5
1067.0,27.9
1067.5,27.9
1068.0,27.2
1068.5,26.7
1069.0,26.7
1069.5,26.9
1070.0,26.1
1070.5,26.0
1071.0,26.1
1071.5,25.4
1072.0,24.9
1072.5,25.3
1073.0,24.7
1073.5,24.5
1074.0,24.3
1074.5,23.9
1075.0,23.6
1075.5,23.1
1076.0,23.0
1076.5,23.1
1077.0,22.5
1077.5,22.5
1078.0,22.2
1078.5,21.9
1079.0,21.3
1079.5,21.3
1080.0,20.9
1080.5,20.7
1081.0,20.6
1081.5,20.1
1082.0,20.0
1082.5,19.4
1083.0,19.5
1083.5,19.4
1084.0,19.4
1084.5,19.3
1085.0,18.9
1085.5,18.9
1086.0,18.3
1086.5,18.2
1087.0,18.1
1087.5,17.6
1088.0,17.6
1088.5,17.1
1089.0,17.0
1089.5,17.1
1090.0,16.4
1090.5,16.5
1091.0,16.7
1091.5,16.4
1092.0,16.2
1092.5,15.9
1093.0,16.4
1093.5,16.6
1094.0,15.9
1094.5,16.0
1095.0,15.9
1095.5,15.5
1096.0,15.3
1096.5,15.3
1097.0,15.5
1097.5,14.7
1098.0,14.9
1098.5,14.7
1099.0,14.5
1099.5,14.1
1100.0,14.6
1100.5,14.0
1101.0,13.5
1101.5,13.5
1102.0,13.5
1102.5,13.5
1103.0,13.5
1103.5,13.5
1104.0,13.2
1104.5,12.4
1105.0,12.3
1105.5,12.7
1106.0,12.3
1106.5,12.3
1107.0,12.3
1107.5,12.3
1108.0,12.8
1108.5,12.3
1109.0,12.8
1109.5,12.3
1110.0,12.4
1110.5,12.3
1111.0,12.3
1111.5,11.7
1112.0,12.3
1112.5,11.7
1113.0,11.9
1113.5,11.9
1114.0,11.7
1114.5,11.7
1115.0,11.7
1115.5,12.3
1116.0,12.3
1116.5,12.2
1117.0,12.3
1117.5,12.8
1118.0,12.2
1118.5,12.3
1119.0,12.3
1119.5,12.3
1120.0,12.6
1120.5,12.9
1121.0,12.9
1121.5,13.0
1122.0,13.0
1122.5,13.5
1123.0,13.4
1123.5,13.2
1124.0,13.4
1124.5,13.3
1125.0,13.2
1125.5,13.2
1126.0,13.4
1126.5,13.4
1127.0,13.4
1127.5,13.5
1128.0,13.5
1128.5,13.5
1129.0,14.1
1129.5,14.2
1130.0,14.0
1130.5,14.3
1131.0,14.5
1131.5,14.9
1132.0,15.2
1132.5,15.3
1133.0,15.3
1133.5,15.3
1134.0,15.6
1134.5,15.8
1135.0,15.8
1135.5,15.9
1136.0,15.9
1136.5,15.9
1137.0,15.5
1137.5,15.9
1138.0,15.9
1138.5,16.5
1139.0,16.6
1139.5,16.6
1140.0,17.1
1140.5,17.1
1141.0,17.6
1141.5,17.7
1142.0,17.3
1142.5,17.7
1143.0,17.7
1143.5,18.2
1144.0,18.2
1144.5,18.3
1145.0,18.8
1145.5,18.8
1146.0,18.9
1146.5,19.1
1147.0,19.5
1147.5,19.4
1148.0,19.5
1148.5,19.9
1149.0,20.0
1149.5,20.5
1150.0,20.3
1150.5,20.7
1151.0,20.7
1151.5,21.3
1152.0,21.3
1152.5,21.8
1153.0,21.9
1153.5,21.8
1154.0,22.5
1154.5,22.5
1155.0,22.5
1155.5,23.1
1156.0,23.0
1156.5,23.1
1157.0,23.1
1157.5,23.6
1158.0,24.2
1158.5,24.3
1159.0,24.3
1159.5,24.9
1160.0,24.8
1160.5,24.9
1161.0,25.4
1161.5,25.4
1162.0,26.1
1162.5,26.1
1163.0,26.1
1163.5,26.3
1164.0,26.7
1164.5,27.1
1165.0,27.2
1165.5,27.7
1166.0,27.9
1166.5,28.0
1167.0,28.1
1167.5,28.5
1168.0,28.8
1168.5,29.0
1169.0,29.5
1169.5,29.7
1170.0,30.3
1170.5,30.3
1171.0,30.3
1171.5,30.7
1172.0,30.8
1172.5,30.9
1173.0,31.5
1173.5,31.5
1174.0,32.1
1174.5,32.1
1175.0,32.1
1175.5,32.6
1176.0,32.6
1176.5,32.6
1177.0,33.3
1177.5,33.3
1178.0,33.8
1178.5,33.9
1179.0,34.2
1179.5,34.4
1180.0,34.4
1180.5,33.9
1181.0,34.4
1181.5,34.5
1182.0,35.0
1182.5,35.7
1183.0,35.8
1183.5,36.2
1184.0,36.1
1184.5,36.2
1185.0,36.5
1185.5,36.3
1186.0,36.8
1186.5,37.4
1187.0,37.4
1187.5,37.7
1188.0,38.0
1188.5,38.5
1189.0,38.6
1189.5,38.5
1190.0,38.6
1190.5,39.1
1191.0,39.3
1191.5,39.3
1192.0,39.7
1192.5,39.8
1193.0,39.8
1193.5,40.1
1194.0,40.0
1194.5,40.8
1195.0,41.1
1195.5,41.1
1196.0,41.5
1196.5,41.6
1197.0,41.5
1197.5,41.5
1198.0,41.6
1198.5,41.7
1199.0,42.1
1199.5,42.3
1200.0,42.5
1200.5,42.9
1201.0,42.5
1201.5,42.9
1202.0,42.9
1202.5,42.9
1203.0,43.4
1203.5,43.4
1204.0,43.4
1204.5,43.4
1205.0,43.4
1205.5,43.9
1206.0,43.6
1206.5,43.8
1207.0,44.0
1207.5,44.0
1208.0,44.3
1208.5,44.0
1209.0,44.7
1209.5,44.7
1210.0,44.5
1210.5,44.7
1211.0,44.7
1211.5,44.7
1212.0,45.3
1212.5,45.2
1213.0,45.1
1213.5,45.2
1214.0,45.1
1214.5,45.4
1215.0,45.2
1215.5,45.4
1216.0,45.8
1216.5,45.7
1217.0,45.7
1217.5,46.1
1218.0,45.8
1218.5,45.8
1219.0,45.8
1219.5,46.1
1220.0,46.4
1220.5,45.8
1221.0,45.8
1221.5,46.2
1222.0,45.7
1222.5,45.8
1223.0,45.9
1223.5,45.9
1224.0,46.3
1224.5,46.5
1225.0,46.5
1225.5,46.0
1226.0,46.3
1226.5,46.4
1227.0,46.1
1227.5,45.9
1228.0,46.3
1228.5,45.8
1229.0,45.7
1229.5,45.8
1230.0,45.7
1230.5,45.8
1231.0,45.6
1231.5,45.8
1232.0,45.7
1232.5,45.2
1233.0,45.2
1233.5,45.1
1234.0,45.8
1234.5,45.8
1235.0,45.2
1235.5,45.2
1236.0,45.1
1236.5,45.1
1237.0,45.2
1237.5,44.7
1238.0,45.0
1238.5,44.6
1239.0,44.4
1239.5,44.5
1240.0,44.4
1240.5,44.0
1241.0,44.5
1241.5,44.0
1242.0,43.7
1242.5,43.9
1243.0,43.5
1243.5,43.3
1244.0,42.9
1244.5,43.1
1245.0,43.1
1245.5,43.1
1246.0,42.9
1246.5,43.3
1247.0,42.9
1247.5,42.9
1248.0,42.7
1248.5,42.4
1249.0,42.3
1249.5,42.2
1250.0,42.2
1250.5,41.5
1251.0,40.8
1251.5,41.0
1252.0,41.0
1252.5,40.5
1253.0,40.4
1253.5,40.4
1254.0,40.3
1254.5,39.9
1255.0,39.7
1255.5,39.7
1256.0,39.2
1256.5,39.0
1257.0,39.2
1257.5,38.8
1258.0,38.6
1258.5,38.4
1259.0,38.5
1259.5,38.5
1260.0,38.1
1260.5,37.9
1261.0,37.6
1261.5,37.5
1262.0,37.7
1262.5,37.5
1263.0,37.5
1263.5,36.8
1264.0,36.9
1264.5,36.8
1265.0,36.2
1265.5,36.2
1266.0,36.2
1266.5,35.9
1267.0,35.6
1267.5,35.1
1268.0,34.9
1268.5,34.9
1269.0,34.5
1269.5,34.4
1270.0,33.9
1270.5,33.9
1271.0,34.2
1271.5,33.5
1272.0,33.3
1272.5,32.9
1273.0,32.7
1273.5,32.7
1274.0,32.6
1274.5,32.3
1275.0,32.0
1275.5,32.1
1276.0,32.0
1276.5,31.4
1277.0,31.4
1277.5,31.4
1278.0,30.7
1278.5,30.6
1279.0,30.2
1279.5,30.2
1280.0,30.3
1280.5,29.7
1281.0,29.5
1281.5,29.4
1282.0,29.0
1282.5,29.0
1283.0,29.0
1283.5,28.9
1284.0,29.0
1284.5,28.5
1285.0,28.4
1285.5,27.9
1286.0,27.9
1286.5,27.9
1287.0,27.9
1287.5,27.9
1288.0,27.5
1288.5,26.8
1289.0,26.7
1289.5,26.2
1290.0,26.3
1290.5,26.2
1291.0,26.1
1291.5,26.1
1292.0,26.1
1292.5,25.4
1293.0,25.4
1293.5,24.9
1294.0,24.8
1294.5,24.3
1295.0,24.3
1295.5,23.7
1296.0,23.6
1296.5,23.6
1297.0,23.6
1297.5,23.0
1298.0,23.1
1298.5,22.5
1299.0,22.3
1299.5,22.3
1300.0,22.4
1300.5,22.3
1301.0,21.7
1301.5,21.3
1302.0,21.3
1302.5,20.7
1303.0,20.8
1303.5,20.7
1304.0,20.5
1304.5,20.7
1305.0,20.1
1305.5,20.3
1306.0,20.1
1306.5,20.1
1307.0,20.0
1307.5,20.0
1308.0,19.5
1308.5,19.5
1309.0,19.1
1309.5,18.9
1310.0,18.9
1310.5,18.8
1311.0,18.3
1311.5,18.8
1312.0,18.3
1312.5,18.7
1313.0,18.2
1313.5,18.3
1314.0,18.7
1314.5,18.2
1315.0,18.3
1315.5,18.1
1316.0,18.0
1316.5,17.7
1317.0,17.3
1317.5,17.7
1318.0,17.7
1318.5,17.1
1319.0,17.7
1319.5,17.7
1320.0,17.2
1320.5,17.5
1321.0,17.1
1321.5,16.8
1322.0,17.0
1322.5,16.4
1323.0,17.0
1323.5,16.8
1324.0,16.4
1324.5,17.0
1325.0,16.3
1325.5,16.4
1326.0,16.2
1326.5,16.3
1327.0,16.5
1327.5,16.4
1328.0,16.5
1328.5,16.4
1329.0,16.5
1329.5,16.7
1330.0,16.5
1330.5,16.1
1331.0,16.4
1331.5,16.4
1332.0,16.6
1332.5,17.0
1333.0,17.0
1333.5,16.9
1334.0,16.4
1334.5,16.9
1335.0,17.1
1335.5,16.4
1336.0,17.0
1336.5,16.4
1337.0,16.6
1337.5,17.3
1338.0,16.8
1338.5,17.0
1339.0,17.1
1339.5,16.9
1340.0,17.1
1340.5,16.9
1341.0,17.1
1341.5,17.5
1342.0,17.1
1342.5,17.4
1343.0,17.2
1343.5,17.5
1344.0,18.1
1344.5,17.7
1345.0,17.7
1345.5,18.0
1346.0,17.7
1346.5,18.2
1347.0,18.1
1347.5,18.2
1348.0,18.2
1348.5,18.2
1349.0,18.7
1349.5,18.9
1350.0,18.7
1350.5,19.4
1351.0,18.9
1351.5,18.9
1352.0,18.9
1352.5,18.5
1353.0,18.9
1353.5,19.5
1354.0,19.4
1354.5,20.1
1355.0,19.9
1355.5,20.1
1356.0,20.0
1356.5,19.9
1357.0,20.5
1357.5,20.5
1358.0,20.2
1358.5,20.9
1359.0,20.7
1359.5,21.1
1360.0,21.3
1360.5,20.9
1361.0,21.3
1361.5,21.3
1362.0,21.8
1362.5,21.8
1363.0,21.6
1363.5,22.0
1364.0,21.9
1364.5,21.8
1365.0,22.5
1365.5,22.8
1366.0,23.4
1366.5,23.1
1367.0,23.1
1367.5,23.6
1368.0,23.8
1368.5,23.7
1369.0,24.4
1369.5,23.9
1370.0,24.6
1370.5,24.5
1371.0,24.5
1371.5,25.4
1372.0,24.9
1372.5,25.3
1373.0,25.9
1373.5,26.1
1374.0,26.6
1374.5,26.6
1375.0,26.2
1375.5,26.7
1376.0,26.7
1376.5,27.1
1377.0,27.1
1377.5,27.3
1378.0,27.9
1378.5,27.8
1379.0,28.2
1379.5,28.4
1380.0,28.4
1380.5,29.1
1381.0,29.0
1381.5,29.0
1382.0,29.5
1382.5,28.5
1383.0,29.0
1383.5,29.6
1384.0,29.6
1384.5,30.3
1385.0,30.2
1385.5,30.7
1386.0,30.3
1386.5,30.8
1387.0,31.3
1387.5,31.1
1388.0,30.8
1388.5,31.5
1389.0,31.5
1389.5,32.2
1390.0,32.5
1390.5,32.1
1391.0,32.6
1391.5,32.9
1392.0,33.1
1392.5,33.9
1393.0,33.3
1393.5,33.7
1394.0,33.8
1394.5,33.3
1395.0,33.9
1395.5,33.9
1396.0,33.5
1396.5,34.1
1397.0,34.5
1397.5,35.0
1398.0,35.0
1398.5,35.3
1399.0,36.2
1399.5,36.3
1400.0,36.2
1400.5,36.8
1401.0,36.2
1401.5,36.2
1402.0,36.8
1402.5,36.7
1403.0,36.9
1403.5,36.8
1404.0,36.8
1404.5,37.5
1405.0,36.8
1405.5,37.5
1406.0,37.4
1406.5,37.7
1407.0,38.4
1407.5,38.1
1408.0,38.5
1408.5,38.6
1409.0,38.1
1409.5,38.7
1410.0,38.7
1410.5,39.3
1411.0,39.8
1411.5,39.8
1412.0,39.8
1412.5,40.4
1413.0,40.4
1413.5,41.0
1414.0,40.3
1414.5,40.4
1415.0,40.3
1415.5,40.3
1416.0,41.0
1416.5,40.6
1417.0,40.4
1417.5,40.8
1418.0,41.0
1418.5,41.1
1419.0,41.1
1419.5,41.1
1420.0,41.4
1420.5,41.1
1421.0,41.1
1421.5,41.6
1422.0,41.5
1422.5,41.7
1423.0,41.8
1423.5,41.6
1424.0,42.2
1424.5,42.2
1425.0,42.0
1425.5,41.9
1426.0,42.2
1426.5,42.2
1427.0,42.2
1427.5,42.1
1428.0,42.2
1428.5,42.2
1429.0,42.2
1429.5,42.2
1430.0,42.2
1430.5,42.2
1431.0,42.2
1431.5,42.1
1432.0,42.2
1432.5,42.2
1433.0,42.2
1433.5,42.2
1434.0,42.3
1434.5,42.2
1435.0,42.3
1435.5,42.8
1436.0,42.9
1436.5,42.9
1437.0,42.9
1437.5,42.8
1438.0,42.5
1438.5,42.9
1439.0,42.8
1439.5,42.9
1440.0,42.9
1440.5,42.3
1441.0,42.2
1441.5,42.2
1442.0,42.9
1442.5,42.9
1443.0,43.0
1443.5,42.9
1444.0,42.9
1444.5,42.9
1445.0,42.9
1445.5,42.9
1446.0,42.9
1446.5,42.9
1447.0,43.0
1447.5,42.9
1448.0,42.8
1448.5,42.9
1449.0,42.9
1449.5,42.6
1450.0,42.4
1450.5,42.9
1451.0,42.6
1451.5,42.3
1452.0,42.6
1452.5,42.8
1453.0,42.2
1453.5,42.3
1454.0,42.8
1454.5,42.2
1455.0,42.2
1455.5,42.3
1456.0,42.2
1456.5,42.1
1457.0,42.0
1457.5,41.5
1458.0,41.5
1458.5,41.1
1459.0,41.5
1459.5,41.3
1460.0,41.1
1460.5,41.0
1461.0,41.1
1461.5,40.6
1462.0,40.4
1462.5,40.4
1463.0,40.4
1463.5,40.4
1464.0,40.4
1464.5,40.3
1465.0,39.8
1465.5,40.0
1466.0,40.3
1466.5,39.8
1467.0,39.8
1467.5,39.7
1468.0,39.3
1468.5,38.6
1469.0,38.6
1469.5,38.6
1470.0,38.5
1470.5,38.6
1471.0,38.6
1471.5,38.5
1472.0,38.0
1472.5,38.0
1473.0,38.3
1473.5,37.7
1474.0,37.8
1474.5,37.5
1475.0,37.1
1475.5,37.4
1476.0,36.8
1476.5,37.0
1477.0,36.7
1477.5,36.2
1478.0,36.4
1478.5,36.0
1479.0,36.0
1479.5,35.7
1480.0,35.7
1480.5,35.7
1481.0,35.7
1481.5,35.0
1482.0,35.0
1482.5,35.0
1483.0,35.0
1483.5,35.0
1484.0,34.4
1484.5,34.4
1485.0,33.8
1485.5,33.5
1486.0,33.3
1486.5,33.3
1487.0,33.8
1487.5,33.7
1488.0,33.3
1488.5,33.3
1489.0,33.1
1489.5,32.7
1490.0,32.5
1490.5,32.6
1491.0,32.1
1491.5,32.0
1492.0,31.7
1492.5,31.7
1493.0,31.3
1493.5,31.5
1494.0,31.5
1494.5,31.0
1495.0,30.8
1495.5,30.3
1496.0,30.2
1496.5,30.2
1497.0,29.8
1497.5,29.5
1498.0,29.0
1498.5,29.0
1499.0,29.5
1499.5,29.0
1500.0,28.7
1500.5,28.7
1501.0,28.5
1501.5,28.5
1502.0,28.5
1502.5,28.6
1503.0,28.4
1503.5,28.0
1504.0,28.4
1504.5,27.9
1505.0,27.9
1505.5,28.0
1506.0,27.5
1506.5,27.3
1507.0,27.1
1507.5,27.1
1508.0,27.2
1508.5,26.9
1509.0,26.6
1509.5,26.7
1510.0,26.7
1510.5,26.5
1511.0,26.5
1511.5,26.1
1512.0,25.4
1512.5,25.5
1513.0,25.7
1513.5,25.5
1514.0,25.2
1514.5,24.9
1515.0,24.9
1515.5,24.9
1516.0,24.3
1516.5,24.3
1517.0,24.7
1517.5,24.3
1518.0,24.3
1518.5,24.5
1519.0,24.2
1519.5,23.7
1520.0,23.5
1520.5,23.1
1521.0,23.1
1521.5,22.7
1522.0,22.5
1522.5,22.5
1523.0,22.5
1523.5,22.5
1524.0,22.4
1524.5,22.2
1525.0,22.2
1525.5,21.8
1526.0,22.4
1526.5,22.5
1527.0,22.0
1527.5,22.2
1528.0,21.5
1528.5,21.6
1529.0,21.3
1529.5,21.3
1530.0,21.3
1530.5,21.2
1531.0,21.2
1531.5,21.3
1532.0,21.2
1532.5,21.3
1533.0,21.3
1533.5,21.2
1534.0,21.4
1534.5,21.3
1535.0,21.9
1535.5,21.3
1536.0,20.7
1536.5,21.2
1537.0,20.7
1537.5,20.7
1538.0,20.7
1538.5,20.6
1539.0,20.7
1539.5,20.6
1540.0,20.5
1540.5,21.2
1541.0,20.7
1541.5,20.7
1542.0,20.9
1542.5,20.6
1543.0,20.7
1543.5,20.7
1544.0,20.7
1544.5,20.7
1545.0,20.0
1545.5,20.0
1546.0,20.1
1546.5,20.0
1547.0,20.0
1547.5,19.9
1548.0,20.0
1548.5,20.0
1549.0,20.0
1549.5,20.0
1550.0,20.0
1550.5,20.0
1551.0,20.5
1551.5,20.0
1552.0,20.5
1552.5,20.7
1553.0,20.0
1553.5,20.7
1554.0,20.7
1554.5,20.3
1555.0,20.1
1555.5,20.0
1556.0,20.6
1556.5,20.0
1557.0,20.0
1557.5,20.7
1558.0,20.3
1558.5,20.3
1559.0,20.7
1559.5,20.7
1560.0,20.6
1560.5,21.0
1561.0,20.9
1561.5,21.2
1562.0,21.2
1562.5,21.3
1563.0,21.3
1563.5,20.7
1564.0,21.3
1564.5,21.2
1565.0,21.3
1565.5,21.8
1566.0,21.4
1566.5,21.6
1567.0,21.9
1567.5,21.8
1568.0,22.0
1568.5,22.1
1569.0,22.7
1569.5,23.1
1570.0,23.0
1570.5,23.0
1571.0,23.0
1571.5,23.1
1572.0,23.5
1572.5,23.5
1573.0,23.6
1573.5,23.6
1574.0,23.2
1574.5,23.5
1575.0,23.7
1575.5,23.5
1576.0,23.6
1576.5,23.2
1577.0,23.7
1577.5,23.6
1578.0,23.6
1578.5,24.2
1579.0,24.4
1579.5,24.6
1580.0,24.8
1580.5,24.3
1581.0,24.9
1581.5,24.9
1582.0,25.5
1582.5,25.9
1583.0,25.4
1583.5,25.9
1584.0,25.7
1584.5,25.9
1585.0,26.1
1585.5,26.3
1586.0,26.5
1586.5,26.5
1587.0,26.1
1587.5,26.7
1588.0,26.7
1588.5,26.6
1589.0,26.7
1589.5,27.1
1590.0,27.2
1590.5,27.5
1591.0,27.2
1591.5,27.9
1592.0,27.9
1592.5,27.7
1593.0,27.9
1593.5,27.9
1594.0,28.3
1594.5,28.8
1595.0,28.6
1595.5,28.8
1596.0,28.7
1596.5,29.1
1597.0,29.6
1597.5,29.4
1598.0,29.7
1598.5,30.2
1599.0,29.9
1599.5,30.1
1600.0,29.7
1600.5,30.2
1601.0,30.3
1601.5,30.4
1602.0,30.8
1602.5,30.7
1603.0,30.9
1603.5,30.8
1604.0,30.9
1604.5,31.4
1605.0,31.4
1605.5,31.5
1606.0,31.5
1606.5,31.5
1607.0,32.1
1607.5,32.1
1608.0,32.0
1608.5,32.1
1609.0,32.6
1609.5,32.5
1610.0,32.7
1610.5,32.6
1611.0,32.8
1611.5,32.6
1612.0,32.6
1612.5,33.3
1613.0,33.3
1613.5,33.3
1614.0,33.3
1614.5,33.3
1615.0,33.3
1615.5,33.5
1616.0,33.9
1616.5,34.3
1617.0,34.3
1617.5,34.3
1618.0,34.4
1618.5,34.5
1619.0,34.5
1619.5,35.0
1620.0,35.0
1620.5,35.8
1621.0,35.9
1621.5,35.7
1622.0,35.8
1622.5,35.7
1623.0,36.2
1623.5,36.7
1624.0,36.8
1624.5,36.6
1625.0,36.2
1625.5,36.6
1626.0,37.0
1626.5,36.7
1627.0,36.8
1627.5,37.4
1628.0,36.9
1628.5,36.8
1629.0,36.9
1629.5,37.4
1630.0,37.4
1630.5,37.5
1631.0,37.9
1631.5,38.0
1632.0,37.9
1632.5,38.0
1633.0,38.0
1633.5,37.7
1634.0,38.3
1634.5,38.6
1635.0,38.6
1635.5,38.5
1636.0,38.6
1636.5,38.6
1637.0,38.9
1637.5,38.7
1638.0,39.2
1638.5,39.3
1639.0,39.2
1639.5,39.2
1640.0,39.3
1640.5,39.3
1641.0,39.4
1641.5,39.3
1642.0,39.8
1642.5,39.3
1643.0,39.6
1643.5,40.0
1644.0,39.4
1644.5,39.8
1645.0,39.8
1645.5,39.7
1646.0,39.7
1646.5,39.3
1647.0,39.5
1647.5,39.3
1648.0,39.3
1648.5,40.1
1649.0,39.9
1649.5,39.8
1650.0,40.2
1650.5,39.9
1651.0,39.9
1651.5,39.8
1652.0,40.0
1652.5,40.4
1653.0,39.7
1653.5,40.4
1654.0,39.8
1654.5,39.8
1655.0,40.3
1655.5,40.2
1656.0,40.1
1656.5,40.5
1657.0,40.3
1657.5,40.3
1658.0,39.8
1658.5,39.9
1659.0,40.4
1659.5,39.8
1660.0,39.8
1660.5,40.3
1661.0,39.9
1661.5,40.4
1662.0,39.8
1662.5,40.2
1663.0,40.3
1663.5,40.0
1664.0,40.3
1664.5,40.4
1665.0,39.8
1665.5,40.4
1666.0,39.7
1666.5,39.8
1667.0,40.0
1667.5,39.8
1668.0,39.9
1668.5,39.6
1669.0,39.9
1669.5,39.9
1670.0,39.2
1670.5,38.9
1671.0,39.2
1671.5,38.3
1672.0,39.2
1672.5,39.1
1673.0,39.5
1673.5,39.4
1674.0,39.2
1674.5,39.3
1675.0,38.6
1675.5,38.3
1676.0,38.6
1676.5,38.5
1677.0,38.6
1677.5,38.9
1678.0,38.5
1678.5,38.6
1679.0,38.3
1679.5,38.2
1680.0,38.0
1680.5,37.7
1681.0,38.0
1681.5,37.9
1682.0,37.3
1682.5,37.6
1683.0,37.6
1683.5,37.5
1684.0,37.5
1684.5,37.5
1685.0,37.9
1685.5,37.4
1686.0,36.8
1686.5,37.3
1687.0,36.9
1687.5,36.8
1688.0,36.8
1688.5,36.5
1689.0,36.8
1689.5,36.5
1690.0,36.3
1690.5,36.6
1691.0,35.7
1691.5,36.2
1692.0,36.1
1692.5,35.7
1693.0,36.2
1693.5,35.7
1694.0,36.1
1694.5,35.9
1695.0,35.6
1695.5,35.4
1696.0,34.9
1696.5,34.7
1697.0,35.0
1697.5,34.3
1698.0,34.9
1698.5,35.0
1699.0,34.7
1699.5,34.6
1700.0,34.4
1700.5,34.3
1701.0,33.9
1701.5,33.4
1702.0,33.6
1702.5,33.7
1703.0,32.8
1703.5,33.7
1704.0,33.2
1704.5,33.2
1705.0,33.5
1705.5,33.1
1706.0,32.7
1706.5,32.3
1707.0,32.1
1707.5,32.6
1708.0,32.1
1708.5,32.1
1709.0,32.0
1709.5,31.7
1710.0,31.9
1710.5,31.7
1711.0,31.7
1711.5,31.5
1712.0,31.3
1712.5,31.3
1713.0,30.9
1713.5,30.8
1714.0,31.3
1714.5,30.8
1715.0,30.5
1715.5,30.6
1716.0,30.2
1716.5,30.2
1717.0,30.2
1717.5,30.2
1718.0,30.0
1718.5,29.4
1719.0,29.7
1719.5,29.7
1720.0,29.3
1720.5,29.6
1721.0,29.3
1721.5,29.1
1722.0,28.9
1722.5,28.8
1723.0,28.7
1723.5,27.9
1724.0,27.8
1724.5,28.4
1725.0,27.9
1725.5,27.9
1726.0,28.4
1726.5,27.9
1727.0,27.9
1727.5,27.7
1728.0,27.7
1728.5,27.5
1729.0,26.8
1729.5,27.3
1730.0,27.2
1730.5,26.9
1731.0,27.3
1731.5,26.7
1732.0,27.0
1732.5,26.7
1733.0,26.7
1733.5,26.7
1734.0,26.7
1734.5,26.7
1735.0,26.5
1735.5,26.0
1736.0,26.1
1736.5,26.1
1737.0,26.0
1737.5,25.9
1738.0,26.1
1738.5,25.8
1739.0,25.8
1739.5,25.7
1740.0,25.5
1740.5,25.4
1741.0,24.9
1741.5,25.1
1742.0,24.9
1742.5,24.9
1743.0,24.9
1743.5,24.9
1744.0,24.6
1744.5,24.9
1745.0,24.9
1745.5,24.9
1746.0,24.3
1746.5,24.3
1747.0,24.7
1747.5,24.3
1748.0,24.9
1748.5,24.9
1749.0,24.3
1749.5,24.3
1750.0,24.2
1750.5,24.3
1751.0,23.6
1751.5,24.0
1752.0,24.3
1752.5,24.0
1753.0,23.8
1753.5,23.6
1754.0,23.5
1754.5,23.1
1755.0,23.1
1755.5,23.2
1756.0,23.3
1756.5,23.2
1757.0,23.7
1757.5,23.6
1758.0,23.1
1758.5,23.1
1759.0,23.1
1759.5,23.1
1760.0,23.1
1760.5,23.1
1761.0,23.4
1761.5,23.1
1762.0,23.1
1762.5,23.6
1763.0,23.4
1763.5,23.6
1764.0,23.2
1764.5,23.0
1765.0,23.2
1765.5,23.2
1766.0,23.1
1766.5,23.4
1767.0,22.9
1767.5,23.0
1768.0,23.1
1768.5,23.1
1769.0,23.1
1769.5,23.7
1770.0,23.4
1770.5,23.6
1771.0,23.4
1771.5,23.6
1772.0,23.2
1772.5,23.4
1773.0,23.6
1773.5,23.1
1774.0,23.1
1774.5,23.5
1775.0,23.6
1775.5,23.7
1776.0,24.0
1776.5,24.1
1777.0,23.9
1777.5,23.7
1778.0,24.2
1778.5,24.3
1779.0,24.3
1779.5,24.9
1780.0,24.3
1780.5,23.7
1781.0,24.3
1781.5,24.2
1782.0,24.2
1782.5,24.3
1783.0,24.7
1783.5,24.8
1784.0,24.5
1784.5,24.9
1785.0,24.9
1785.5,24.8
1786.0,24.8
1786.5,24.8
1787.0,24.9
1787.5,24.9
1788.0,24.9
1788.5,25.0
1789.0,24.9
1789.5,25.3
1790.0,25.3
1790.5,25.2
1791.0,25.3
1791.5,25.3
1792.0,25.2
1792.5,24.9
1793.0,25.2
1793.5,25.4
1794.0,25.4
1794.5,26.1
1795.0,26.6
1795.5,26.8
1796.0,26.1
1796.5,26.5
1797.0,26.7
1797.5,26.8
1798.0,26.7
1798.5,26.6
1799.0,26.5
1799.5,26.6
1800.0,27.0
1800.5,27.4
1801.0,27.3
1801.5,27.2
1802.0,27.8
1802.5,27.9
1803.0,27.9
1803.5,27.8
1804.0,28.0
1804.5,27.9
1805.0,28.1
1805.5,29.0
1806.0,28.5
1806.5,28.5
1807.0,28.8
1807.5,28.9
1808.0,29.2
1808.5,29.0
1809.0,28.9
1809.5,29.0
1810.0,29.0
1810.5,29.1
1811.0,29.1
1811.5,29.1
1812.0,29.5
1812.5,29.7
1813.0,29.7
1813.5,30.2
1814.0,30.2
1814.5,30.2
1815.0,30.5
1815.5,30.1
1816.0,30.3
1816.5,30.3
1817.0,30.2
1817.5,30.8
1818.0,30.8
1818.5,31.1
1819.0,31.3
1819.5,30.8
1820.0,31.4
1820.5,31.5
1821.0,31.1
1821.5,31.5
1822.0,31.4
1822.5,32.1
1823.0,32.1
1823.5,31.9
1824.0,32.3
1824.5,32.3
1825.0,32.2
1825.5,32.6
1826.0,32.4
1826.5,32.6
1827.0,32.8
1827.5,32.6
1828.0,33.3
1828.5,33.3
1829.0,33.4
1829.5,33.9
1830.0,33.7
1830.5,33.8
1831.0,33.9
1831.5,34.3
1832.0,34.4
1832.5,34.4
1833.0,34.9
1833.5,35.0
1834.0,34.5
1834.5,34.7
1835.0,34.5
1835.5,34.3
1836.0,34.5
1836.5,34.4
1837.0,34.4
1837.5,34.4
1838.0,34.4
1838.5,35.0
1839.0,35.0
1839.5,35.1
1840.0,35.6
1840.5,35.3
1841.0,35.6
1841.5,35.3
1842.0,35.6
1842.5,36.1
1843.0,36.2
1843.5,36.4
1844.0,36.2
1844.5,36.2
1845.0,36.8
1845.5,36.2
1846.0,36.2
1846.5,36.2
1847.0,36.2
1847.5,36.2
1848.0,36.2
1848.5,36.3
1849.0,36.8
1849.5,36.8
1850.0,37.5
1850.5,36.9
1851.0,36.7
1851.5,37.4
1852.0,37.3
1852.5,37.1
1853.0,37.5
1853.5,36.9
1854.0,37.5
1854.5,37.3
1855.0,37.5
1855.5,38.0
1856.0,37.5
1856.5,38.0
1857.0,38.0
1857.5,37.7
1858.0,37.9
1858.5,37.9
1859.0,37.8
1859.5,38.0
1860.0,37.8
1860.5,38.5
1861.0,38.6
1861.5,38.4
1862.0,38.7
1862.5,38.6
1863.0,38.4
1863.5,38.6
1864.0,38.5
1864.5,38.6
1865.0,38.5
1865.5,38.4
1866.0,38.6
1866.5,39.0
1867.0,38.5
1867.5,38.6
1868.0,38.6
1868.5,38.7
1869.0,38.6
1869.5,38.0
1870.0,38.0
1870.5,38.1
1871.0,38.6
1871.5,38.8
1872.0,38.3
1872.5,38.1
1873.0,38.3
1873.5,37.9
1874.0,38.0
1874.5,38.4
1875.0,37.9
1875.5,38.6
1876.0,38.0
1876.5,38.5
1877.0,38.4
1877.5,37.9
1878.0,38.1
1878.5,38.0
1879.0,37.7
1879.5,38.1
1880.0,38.1
1880.5,38.6
1881.0,38.9
1881.5,38.0
1882.0,38.3
1882.5,37.7
1883.0,37.7
1883.5,38.1
1884.0,37.9
1884.5,38.0
1885.0,38.0
1885.5,38.1
1886.0,38.1
1886.5,38.0
1887.0,38.4
1887.5,38.1
1888.0,37.4
1888.5,37.7
1889.0,37.3
1889.5,37.4
1890.0,37.7
1890.5,37.5
1891.0,37.5
1891.5,37.9
1892.0,37.7
1892.5,37.8
1893.0,37.4
1893.5,37.5
1894.0,37.5
1894.5,37.5
1895.0,37.5
1895.5,37.5
1896.0,36.8
1896.5,36.8
1897.0,36.7
1897.5,36.8
1898.0,37.1
1898.5,36.8
1899.0,36.8
1899.5,36.4
1900.0,36.4
1900.5,36.7
1901.0,35.8
1901.5,36.3
1902.0,36.2
1902.5,36.1
1903.0,36.2
1903.5,36.1
1904.0,35.9
1904.5,35.7
1905.0,35.7
1905.5,36.2
1906.0,35.7
1906.5,35.4
1907.0,35.6
1907.5,34.8
1908.0,34.7
1908.5,34.7
1909.0,34.4
1909.5,35.0
1910.0,34.0
1910.5,34.4
1911.0,34.4
1911.5,34.2
1912.0,34.5
1912.5,33.9
1913.0,33.6
1913.5,33.5
1914.0,33.3
1914.5,33.6
1915.0,33.4
1915.5,33.3
1916.0,33.8
1916.5,33.3
1917.0,33.3
1917.5,33.4
1918.0,33.0
1918.5,32.6
1919.0,32.6
1919.5,32.4
1920.0,32.6
1920.5,32.5
1921.0,32.7
1921.5,32.6
1922.0,32.1
1922.5,32.6
1923.0,32.1
1923.5,32.1
1924.0,32.1
1924.5,32.0
1925.0,31.7
1925.5,31.6
1926.0,31.5
1926.5,31.4
1927.0,30.8
1927.5,31.3
1928.0,31.5
1928.5,31.1
1929.0,31.3
1929.5,30.6
1930.0,30.4
1930.5,30.7
1931.0,30.2
1931.5,30.2
1932.0,29.9
1932.5,29.9
1933.0,30.3
1933.5,30.1
1934.0,29.6
1934.5,29.7
1935.0,29.1
1935.5,29.7
1936.0,29.7
1936.5,29.0
1937.0,29.7
1937.5,29.7
1938.0,29.1
1938.5,29.0
1939.0,28.4
1939.5,28.8
1940.0,29.0
1940.5,28.4
1941.0,28.5
1941.5,28.3
1942.0,28.4
1942.5,27.9
1943.0,27.8
1943.5,27.9
1944.0,27.7
1944.5,27.8
1945.0,27.9
1945.5,27.3
1946.0,27.3
1946.5,27.7
1947.0,27.2
1947.5,27.8
1948.0,27.2
1948.5,27.3
1949.0,27.8
1949.5,27.1
1950.0,27.2
1950.5,27.2
1951.0,26.8
1951.5,27.2
1952.0,27.0
1952.5,26.9
1953.0,26.8
1953.5,26.8
1954.0,27.2
1954.5,26.7
1955.0,27.1
1955.5,27.0
1956.0,26.6
1956.5,26.3
1957.0,26.1
1957.5,26.1
1958.0,26.0
1958.5,26.1
1959.0,26.5
1959.5,26.5
1960.0,26.1
1960.5,26.0
1961.0,25.5
1961.5,26.0
1962.0,26.0
1962.5,25.5
1963.0,25.5
1963.5,25.4
1964.0,25.4
1964.5,25.4
1965.0,24.9
1965.5,25.3
1966.0,24.9
1966.5,24.9
1967.0,24.9
1967.5,25.4
1968.0,24.9
1968.5,24.9
1969.0,24.8
1969.5,24.9
1970.0,24.9
1970.5,24.8
1971.0,24.6
1971.5,24.5
1972.0,24.7
1972.5,24.7
1973.0,24.3
1973.5,24.3
1974.0,24.8
1974.5,24.9
1975.0,24.9
1975.5,24.5
1976.0,24.8
1976.5,24.8
1977.0,24.9
1977.5,24.8
1978.0,24.9
1978.5,24.7
1979.0,24.9
1979.5,24.8
1980.0,24.7
1980.5,24.9
1981.0,24.9
1981.5,24.8
1982.0,24.9
1982.5,24.5
1983.0,24.9
1983.5,24.8
1984.0,24.9
1984.5,25.4
1985.0,24.9
1985.5,24.9
1986.0,24.9
1986.5,24.8
1987.0,25.3
1987.5,25.1
1988.0,25.4
1988.5,25.4
1989.0,24.9
1989.5,24.9
1990.0,25.5
1990.5,24.9
1991.0,24.9
1991.5,24.9
1992.0,24.8
1992.5,24.9
1993.0,24.9
1993.5,24.9
1994.0,24.9
1994.5,24.9
1995.0,25.2
1995.5,24.9
1996.0,24.9
1996.5,25.1
1997.0,24.9
1997.5,24.9
1998.0,25.4
1998.5,25.5
1999.0,25.5
1999.5,25.4
2000.0,25.4
2000.5,25.4
2001.0,25.7
2001.5,25.9
2002.0,25.9
2002.5,26.1
2003.0,26.4
2003.5,26.1
2004.0,26.6
2004.5,25.9
2005.0,26.2
2005.5,26.7
2006.0,26.7
2006.5,26.5
2007.0,26.6
2007.5,26.6
2008.0,26.7
2008.5,26.3
2009.0,26.6
2009.5,26.7
2010.0,26.8
2010.5,27.2
2011.0,26.8
2011.5,26.8
2012.0,27.2
2012.5,26.7
2013.0,26.8
2013.5,26.7
2014.0,27.2
2014.5,27.1
2015.0,27.1
2015.5,27.3
2016.0,27.4
2016.5,27.9
2017.0,27.9
2017.5,27.9
2018.0,27.8
2018.5,27.3
2019.0,27.3
2019.5,27.7
2020.0,27.9
2020.5,27.9
2021.0,27.9
2021.5,27.9
2022.0,28.4
2022.5,28.5
2023.0,28.5
2023.5,28.4
2024.0,28.8
2024.5,28.5
2025.0,28.9
2025.5,28.8
2026.0,29.2
2026.5,29.7
2027.0,29.7
2027.5,30.2
2028.0,30.3
2028.5,30.2
2029.0,30.3
2029.5,29.7
2030.0,30.0
2030.5,30.2
2031.0,30.3
2031.5,30.7
2032.0,30.7
2032.5,30.8
2033.0,31.3
2033.5,30.8
2034.0,30.9
2034.5,31.6
2035.0,31.7
2035.5,31.5
2036.0,31.5
2036.5,31.7
2037.0,32.0
2037.5,31.5
2038.0,31.9
2038.5,31.8
2039.0,32.0
2039.5,32.1
2040.0,32.4
2040.5,32.7
2041.0,32.5
2041.5,32.5
2042.0,32.6
2042.5,32.6
2043.0,33.2
2043.5,33.1
2044.0,32.6
2044.5,33.1
2045.0,32.9
2045.5,33.0
2046.0,33.3
2046.5,33.1
2047.0,33.8
2047.5,33.8
2048.0,33.3
2048.5,33.7
2049.0,33.8
2049.5,33.8
2050.0,33.8
2050.5,33.9
2051.0,33.9
2051.5,33.9
2052.0,33.9
2052.5,34.3
2053.0,33.9
2053.5,34.1
2054.0,34.4
2054.5,33.9
2055.0,34.4
2055.5,34.4
2056.0,34.4
2056.5,34.9
2057.0,34.5
2057.5,34.4
2058.0,35.0
2058.5,34.4
2059.0,34.9
2059.5,34.8
2060.0,35.1
2060.5,35.4
2061.0,35.5
2061.5,35.6
2062.0,35.6
2062.5,35.7
2063.0,35.6
2063.5,35.7
2064.0,35.6
2064.5,35.7
2065.0,35.6
2065.5,35.7
2066.0,35.1
2066.5,35.7
2067.0,35.8
2067.5,35.9
2068.0,36.3
2068.5,35.7
2069.0,35.7
2069.5,35.6
2070.0,35.6
2070.5,35.7
2071.0,36.3
2071.5,35.6
2072.0,35.7
2072.5,35.7
2073.0,35.8
2073.5,36.3
2074.0,36.2
2074.5,36.8
2075.0,36.8
2075.5,36.2
2076.0,36.6
2076.5,36.2
2077.0,35.9
2077.5,36.3
2078.0,36.1
2078.5,36.5
2079.0,36.3
2079.5,36.8
2080.0,36.8
2080.5,36.8
2081.0,36.8
2081.5,36.9
2082.0,36.9
2082.5,36.8
2083.0,36.8
2083.5,36.8
2084.0,36.8
2084.5,36.7
2085.0,36.8
2085.5,36.8
2086.0,36.4
2086.5,36.8
2087.0,36.8
2087.5,36.8
2088.0,37.4
2088.5,37.5
2089.0,37.4
2089.5,37.5
2090.0,37.5
2090.5,37.4
2091.0,37.1
2091.5,37.5
2092.0,37.4
2092.5,37.2
2093.0,37.0
2093.5,37.3
2094.0,36.9
2094.5,36.8
2095.0,37.1
2095.5,37.4
2096.0,37.1
2096.5,36.8
2097.0,37.1
2097.5,37.4
2098.0,37.4
2098.5,37.3
2099.0,36.8
2099.5,36.8
2100.0,36.8
2100.5,36.9
2101.0,36.9
2101.5,36.8
2102.0,36.9
2102.5,36.8
2103.0,36.6
2103.5,36.7
2104.0,36.7
2104.5,36.6
2105.0,36.2
2105.5,36.2
2106.0,36.2
2106.5,35.9
2107.0,36.2
2107.5,36.2
2108.0,35.9
2108.5,36.2
2109.0,36.1
2109.5,35.9
2110.0,35.7
2110.5,35.8
2111.0,36.1
2111.5,36.1
2112.0,35.8
2112.5,36.1
2113.0,35.7
2113.5,35.6
2114.0,35.7
2114.5,35.5
2115.0,35.7
2115.5,35.6
2116.0,35.4
2116.5,35.6
2117.0,35.6
2117.5,35.6
2118.0,35.6
2118.5,35.5
2119.0,35.5
2119.5,35.0
2120.0,34.6
2120.5,34.4
2121.0,34.5
2121.5,34.9
2122.0,34.6
2122.5,35.0
2123.0,35.4
2123.5,34.9
2124.0,34.6
2124.5,34.6
2125.0,34.4
2125.5,34.4
2126.0,34.1
2126.5,34.4
2127.0,34.5
2127.5,33.9
2128.0,34.1
2128.5,34.0
2129.0,33.8
2129.5,33.3
2130.0,33.8
2130.5,33.3
2131.0,33.3
2131.5,33.5
2132.0,33.8
2132.5,33.8
2133.0,33.9
2133.5,33.7
2134.0,33.1
2134.5,33.2
2135.0,33.1
2135.5,33.0
2136.0,32.6
2136.5,32.8
2137.0,33.1
2137.5,32.6
2138.0,32.1
2138.5,32.2
2139.0,32.1
2139.5,32.0
2140.0,32.4
2140.5,32.1
2141.0,31.7
2141.5,31.4
2142.0,31.5
2142.5,31.4
2143.0,31.3
2143.5,31.5
2144.0,31.3
2144.5,31.3
2145.0,30.8
2145.5,30.9
2146.0,30.8
2146.5,30.8
2147.0,30.3
2147.5,30.4
2148.0,30.8
2148.5,30.7
2149.0,30.7
2149.5,30.2
2150.0,29.7
2150.5,30.2
2151.0,30.0
2151.5,29.7
2152.0,29.7
2152.5,29.0
2153.0,29.7
2153.5,29.7
2154.0,29.6
2154.5,29.6
2155.0,29.7
2155.5,29.9
2156.0,29.7
2156.5,29.5
2157.0,29.7
2157.5,29.6
2158.0,29.7
2158.5,29.8
2159.0,29.3
2159.5,29.7
2160.0,29.7
2160.5,29.7
2161.0,29.7
2161.5,29.6
2162.0,29.5
2162.5,29.0
2163.0,29.0
2163.5,29.7
2164.0,29.1
2164.5,29.0
2165.0,29.0
2165.5,29.0
2166.0,28.8
2166.5,28.5
2167.0,28.2
2167.5,28.5
2168.0,28.2
2168.5,28.5
2169.0,28.5
2169.5,28.4
2170.0,28.6
2170.5,28.0
2171.0,28.4
2171.5,28.5
2172.0,28.3
2172.5,28.5
2173.0,28.2
2173.5,27.8
2174.0,28.0
2174.5,27.7
2175.0,27.8
2175.5,28.4
2176.0,27.9
2176.5,27.9
2177.0,27.9
2177.5,27.8
2178.0,27.8
2178.5,27.2
2179.0,27.3
2179.5,27.4
2180.0,27.1
2180.5,27.4
2181.0,27.2
2181.5,27.2
2182.0,27.5
2182.5,27.2
2183.0,27.2
2183.5,27.3
2184.0,27.2
2184.5,27.3
2185.0,27.4
2185.5,27.1
2186.0,27.2
2186.5,27.2
2187.0,27.2
2187.5,26.7
2188.0,26.7
2188.5,26.7
2189.0,26.4
2189.5,26.6
2190.0,26.9
2190.5,27.0
2191.0,27.0
2191.5,26.1
2192.0,26.7
2192.5,26.6
2193.0,26.1
2193.5,26.7
2194.0,26.4
2194.5,26.2
2195.0,26.3
2195.5,26.1
2196.0,26.3
2196.5,26.6
2197.0,26.7
2197.5,26.7
2198.0,26.3
2198.5,26.6
2199.0,26.4
2199.5,26.1
2200.0,26.7
2200.5,26.7
2201.0,26.6
2201.5,26.7
2202.0,26.4
2202.5,27.0
2203.0,27.2
2203.5,26.8
2204.0,27.2
2204.5,27.2
2205.0,27.4
2205.5,27.3
2206.0,27.2
2206.5,27.4
2207.0,27.1
2207.5,27.2
2208.0,27.2
2208.5,27.0
2209.0,27.2
2209.5,26.9
2210.0,26.7
2210.5,27.1
2211.0,26.7
2211.5,27.2
2212.0,27.4
2212.5,27.2
2213.0,27.9
2213.5,27.2
2214.0,27.4
2214.5,27.8
2215.0,27.2
2215.5,27.5
2216.0,27.4
2216.5,27.3
2217.0,27.3
2217.5,27.5
2218.0,27.7
2218.5,27.8
2219.0,27.3
2219.5,27.9
2220.0,27.7
2220.5,27.5
2221.0,28.4
2221.5,28.0
2222.0,27.8
2222.5,28.1
2223.0,27.9
2223.5,27.9
2224.0,27.5
2224.5,27.7
2225.0,27.9
2225.5,27.7
2226.0,28.4
2226.5,28.5
2227.0,28.3
2227.5,28.5
2228.0,28.8
2228.5,28.8
2229.0,28.8
2229.5,28.4
2230.0,29.1
2230.5,29.0
2231.0,28.8
2231.5,28.9
2232.0,28.5
2232.5,28.4
2233.0,29.0
2233.5,29.0
2234.0,29.3
2234.5,29.2
2235.0,29.0
2235.5,29.5
2236.0,29.1
2236.5,29.7
2237.0,30.2
2237.5,29.5
2238.0,29.7
2238.5,29.7
2239.0,29.7
2239.5,30.3
2240.0,30.2
2240.5,30.3
2241.0,30.3
2241.5,29.8
2242.0,30.6
2242.5,30.3
2243.0,30.3
2243.5,30.7
2244.0,30.3
2244.5,30.6
2245.0,30.5
2245.5,30.8
2246.0,31.2
2246.5,30.3
2247.0,30.8
2247.5,31.2
2248.0,30.4
2248.5,30.9
2249.0,31.0
2249.5,31.1
2250.0,31.5
2250.5,31.4
2251.0,31.8
2251.5,31.8
2252.0,31.6
2252.5,32.1
2253.0,31.4
2253.5,31.5
2254.0,32.0
2254.5,31.5
2255.0,31.7
2255.5,31.7
2256.0,32.0
2256.5,32.0
2257.0,31.8
2257.5,32.5
2258.0,32.5
2258.5,32.1
2259.0,32.5
2259.5,32.7
2260.0,32.5
2260.5,32.5
2261.0,32.6
2261.5,32.7
2262.0,32.7
2262.5,32.6
2263.0,33.2
2263.5,32.9
2264.0,33.3
2264.5,33.7
2265.0,33.1
2265.5,33.9
2266.0,33.9
2266.5,33.5
2267.0,33.9
2267.5,33.3
2268.0,33.6
2268.5,33.7
2269.0,33.3
2269.5,33.9
2270.0,33.8
2270.5,33.8
2271.0,33.9
2271.5,33.8
2272.0,34.3
2272.5,34.1
2273.0,34.3
2273.5,34.5
2274.0,33.8
2274.5,33.9
2275.0,34.3
2275.5,34.3
2276.0,34.6
2276.5,34.9
2277.0,34.9
2277.5,34.4
2278.0,34.6
2278.5,34.9
2279.0,34.4
2279.5,34.5
2280.0,34.9
2280.5,34.4
2281.0,35.0
2281.5,34.9
2282.0,34.7
2282.5,34.8
2283.0,34.4
2283.5,35.0
2284.0,35.0
2284.5,34.4
2285.0,35.0
2285.5,35.0
2286.0,34.7
2286.5,35.0
2287.0,35.0
2287.5,35.6
2288.0,35.7
2288.5,35.7
2289.0,36.1
2289.5,35.7
2290.0,35.7
2290.5,35.6
2291.0,35.1
2291.5,35.6
2292.0,35.8
2292.5,35.7
2293.0,36.1
2293.5,36.1
2294.0,36.1
2294.5,36.2
2295.0,35.7
2295.5,35.8
2296.0,35.7
2296.5,35.7
2297.0,36.1
2297.5,36.0
2298.0,35.7
2298.5,36.2
2299.0,35.7
2299.5,35.9
2300.0,35.7
2300.5,35.6
2301.0,36.2
2301.5,35.7
2302.0,35.8
2302.5,35.7
2303.0,35.6
2303.5,35.5
2304.0,35.3
2304.5,35.0
2305.0,35.7
2305.5,35.6
2306.0,36.1
2306.5,35.7
2307.0,35.6
2307.5,35.7
2308.0,35.4
2308.5,35.7
2309.0,36.1
2309.5,35.5
2310.0,35.6
2310.5,35.3
2311.0,35.7
2311.5,36.1
2312.0,35.6
2312.5,36.1
2313.0,36.1
2313.5,35.7
2314.0,35.7
2314.5,35.7
2315.0,35.9
2315.5,35.6
2316.0,35.6
2316.5,35.8
2317.0,35.7
2317.5,35.7
2318.0,36.2
2318.5,35.6
2319.0,35.5
2319.5,35.7
2320.0,35.5
2320.5,35.6
2321.0,35.7
2321.5,35.3
2322.0,35.7
2322.5,34.9
2323.0,35.1
2323.5,35.6
2324.0,35.0
2324.5,35.3
2325.0,35.0
2325.5,35.1
2326.0,35.3
2326.5,35.0
2327.0,35.0
2327.5,35.0
2328.0,35.0
2328.5,35.0
2329.0,34.4
2329.5,34.6
2330.0,34.6
2330.5,34.7
2331.0,34.9
2331.5,34.8
2332.0,35.0
2332.5,35.1
2333.0,34.6
2333.5,35.1
2334.0,35.1
2334.5,34.4
2335.0,34.8
2335.5,34.5
2336.0,34.7
2336.5,34.9
2337.0,34.4
2337.5,34.4
2338.0,34.4
2338.5,33.9
2339.0,34.2
2339.5,33.5
2340.0,33.7
2340.5,33.9
2341.0,33.3
2341.5,33.9
2342.0,34.2
2342.5,33.9
2343.0,34.4
2343.5,33.5
2344.0,33.6
2344.5,33.3
2345.0,32.8
2345.5,33.1
2346.0,32.6
2346.5,32.6
2347.0,33.0
2347.5,32.6
2348.0,32.4
2348.5,32.8
2349.0,32.8
2349.5,33.1
2350.0,32.5
2350.5,32.7
2351.0,32.5
2351.5,32.0
2352.0,32.1
2352.5,31.9
2353.0,32.1
2353.5,32.1
2354.0,31.7
2354.5,31.9
2355.0,31.5
2355.5,31.5
2356.0,31.7
2356.5,31.3
2357.0,31.5
2357.5,31.5
2358.0,31.1
2358.5,31.3
2359.0,31.1
2359.5,31.1
2360.0,31.3
2360.5,31.3
2361.0,31.6
2361.5,31.1
2362.0,30.9
2362.5,30.8
2363.0,30.4
2363.5,30.6
2364.0,30.3
2364.5,30.2
2365.0,30.4
2365.5,30.3
2366.0,30.3
2366.5,30.3
2367.0,30.3
2367.5,30.3
2368.0,30.3
2368.5,30.3
2369.0,30.3
2369.5,30.1
2370.0,29.7
2370.5,30.2
2371.0,29.6
2371.5,29.7
2372.0,29.6
2372.5,29.1
2373.0,29.6
2373.5,29.6
2374.0,29.5
2374.5,29.7
2375.0,29.0
2375.5,29.2
2376.0,29.2
2376.5,29.0
2377.0,29.5
2377.5,29.1
2378.0,29.3
2378.5,29.5
2379.0,29.2
2379.5,29.1
2380.0,29.7
2380.5,29.5
2381.0,29.5
2381.5,29.6
2382.0,30.2
2382.5,29.7
2383.0,29.7
2383.5,29.7
2384.0,29.0
2384.5,29.0
2385.0,29.0
2385.5,28.5
2386.0,28.5
2386.5,28.8
2387.0,29.0
2387.5,28.4
2388.0,28.2
2388.5,28.9
2389.0,28.9
2389.5,28.5
2390.0,28.4
2390.5,28.5
2391.0,28.4
2391.5,28.0
2392.0,28.2
2392.5,28.3
2393.0,27.9
2393.5,27.9
2394.0,28.5
2394.5,28.2
2395.0,28.5
2395.5,28.4
2396.0,28.1
2396.5,27.8
2397.0,27.9
2397.5,28.3
2398.0,27.9
2398.5,27.9
2399.0,28.4
2399.5,28.0
2400.0,28.3
2400.5,27.7
2401.0,27.5
2401.5,27.8
2402.0,27.8
2402.5,28.4
2403.0,27.9
2403.5,27.8
2404.0,27.5
2404.5,27.9
2405.0,28.1
2405.5,28.1
2406.0,28.3
2406.5,28.5
2407.0,28.5
2407.5,27.9
2408.0,28.1
2408.5,27.9
2409.0,27.2
2409.5,27.9
2410.0,27.9
2410.5,27.9
2411.0,27.9
2411.5,27.3
2412.0,27.6
2412.5,27.2
2413.0,27.6
2413.5,27.7
2414.0,27.2
2414.5,27.3
2415.0,27.7
2415.5,27.9
2416.0,27.9
2416.5,27.8
2417.0,27.2
2417.5,27.2
2418.0,27.3
2418.5,27.8
2419.0,27.9
2419.5,27.2
2420.0,27.3
2420.5,27.2
2421.0,27.1
2421.5,27.3
2422.0,27.7
2422.5,27.8
2423.0,27.8
2423.5,27.8
2424.0,27.2
2424.5,27.4
2425.0,27.8
2425.5,27.7
2426.0,27.9
2426.5,27.9
2427.0,27.9
2427.5,27.7
2428.0,27.9
2428.5,27.9
2429.0,27.9
2429.5,28.4
2430.0,28.3
2430.5,28.5
2431.0,28.5
2431.5,28.5
2432.0,28.5
2432.5,28.4
2433.0,28.5
2433.5,28.6
2434.0,28.7
2434.5,28.4
2435.0,28.8
2435.5,28.5
2436.0,28.7
2436.5,28.7
2437.0,28.4
2437.5,28.5
2438.0,28.5
2438.5,28.5
2439.0,28.8
2439.5,28.5
2440.0,28.5
2440.5,28.8
2441.0,28.9
2441.5,28.5
2442.0,28.9
2442.5,28.9
2443.0,28.8
2443.5,28.8
2444.0,28.9
2444.5,28.8
2445.0,28.5
2445.5,28.5
2446.0,28.7
2446.5,28.9
2447.0,29.0
2447.5,29.2
2448.0,29.5
2448.5,29.3
2449.0,29.0
2449.5,29.3
2450.0,29.7
2450.5,29.7
2451.0,30.1
2451.5,30.3
2452.0,29.9
2452.5,29.7
2453.0,30.2
2453.5,29.7
2454.0,30.0
2454.5,30.1
2455.0,30.3
2455.5,30.3
2456.0,30.8
2456.5,30.8
2457.0,30.8
2457.5,30.9
2458.0,30.7
2458.5,30.5
2459.0,30.6
2459.5,30.3
2460.0,30.4
2460.5,30.7
2461.0,30.4
2461.5,30.7
2462.0,30.6
2462.5,30.7
2463.0,30.8
2463.5,30.8
2464.0,31.1
2464.5,31.3
2465.0,30.8
2465.5,31.4
2466.0,31.4
2466.5,31.1
2467.0,31.2
2467.5,31.2
2468.0,32.0
2468.5,31.5
2469.0,31.5
2469.5,32.0
2470.0,31.5
2470.5,31.4
2471.0,32.0
2471.5,32.0
2472.0,32.2
2472.5,32.0
2473.0,32.1
2473.5,32.0
2474.0,32.1
2474.5,32.0
2475.0,32.1
2475.5,32.1
2476.0,32.6
2476.5,32.6
2477.0,32.3
2477.5,32.5
2478.0,32.6
2478.5,33.1
2479.0,32.9
2479.5,32.6
2480.0,32.6
2480.5,32.6
2481.0,32.6
2481.5,32.6
2482.0,32.6
2482.5,32.6
2483.0,32.6
2483.5,32.7
2484.0,32.9
2484.5,32.7
2485.0,33.3
2485.5,33.9
2486.0,33.3
2486.5,33.3
2487.0,33.2
2487.5,33.2
2488.0,33.3
2488.5,33.1
2489.0,33.3
2489.5,33.3
2490.0,33.2
2490.5,33.1
2491.0,32.9
2491.5,33.2
2492.0,33.3
2492.5,33.3
2493.0,33.3
2493.5,33.3
2494.0,33.7
2494.5,34.0
2495.0,33.9
2495.5,33.9
2496.0,33.9
2496.5,33.8
2497.0,34.5
2497.5,34.3
2498.0,34.3
2498.5,33.9
2499.0,34.0
2499.5,34.1
2500.0,34.4
2500.5,34.4
2501.0,34.4
2501.5,34.3
2502.0,33.9
2502.5,34.3
2503.0,34.3
2503.5,34.4
2504.0,34.2
2504.5,34.5
2505.0,34.4
2505.5,34.4
2506.0,34.4
2506.5,34.3
2507.0,34.3
2507.5,34.3
2508.0,34.4
2508.5,35.0
2509.0,34.5
2509.5,34.3
2510.0,34.2
2510.5,33.9
2511.0,34.4
2511.5,34.3
2512.0,34.3
2512.5,34.5
2513.0,34.2
2513.5,34.4
2514.0,34.6
2514.5,34.4
2515.0,34.8
2515.5,34.9
2516.0,34.5
2516.5,35.0
2517.0,34.7
2517.5,35.0
2518.0,35.0
2518.5,34.9
2519.0,35.0
2519.5,34.5
2520.0,34.4
2520.5,34.8
2521.0,34.4
2521.5,35.0
2522.0,35.0
2522.5,34.8
2523.0,35.0
2523.5,35.0
2524.0,35.0
2524.5,34.9
2525.0,35.0
2525.5,35.4
2526.0,35.0
2526.5,35.4
2527.0,35.1
2527.5,35.0
2528.0,35.0
2528.5,34.5
2529.0,35.3
2529.5,35.7
2530.0,35.5
2530.5,35.6
2531.0,35.6
2531.5,35.6
2532.0,35.7
2532.5,35.0
2533.0,35.3
2533.5,35.6
2534.0,35.3
2534.5,35.6
2535.0,35.1
2535.5,35.0
2536.0,35.6
2536.5,35.3
2537.0,35.1
2537.5,35.0
2538.0,35.0
2538.5,35.1
2539.0,35.0
2539.5,35.1
2540.0,35.0
2540.5,34.4
2541.0,34.9
2541.5,34.9
2542.0,34.6
2542.5,34.7
2543.0,34.5
2543.5,34.4
2544.0,34.4
2544.5,34.4
2545.0,34.2
2545.5,34.4
2546.0,34.4
2546.5,34.8
2547.0,34.4
2547.5,34.5
2548.0,34.4
2548.5,34.4
2549.0,35.0
2549.5,34.4
2550.0,34.4
2550.5,34.0
2551.0,33.9
2551.5,34.4
2552.0,34.2
2552.5,33.9
2553.0,34.4
2553.5,34.6
2554.0,34.2
2554.5,33.9
2555.0,34.3
2555.5,34.2
2556.0,33.9
2556.5,33.8
2557.0,33.9
2557.5,33.9
2558.0,33.3
2558.5,33.7
2559.0,33.3
2559.5,33.3
2560.0,33.3
2560.5,33.3
2561.0,33.7
2561.5,32.9
2562.0,33.3
2562.5,33.1
2563.0,32.7
2563.5,33.1
2564.0,33.3
2564.5,32.6
2565.0,32.6
2565.5,32.6
2566.0,32.7
2566.5,32.6
2567.0,32.5
2567.5,32.5
2568.0,32.7
2568.5,32.6
2569.0,33.1
2569.5,32.6
2570.0,32.5
2570.5,32.6
2571.0,32.8
2571.5,32.7
2572.0,32.8
2572.5,32.6
2573.0,32.7
2573.5,32.2
2574.0,32.1
2574.5,32.1
2575.0,32.0
2575.5,32.1
2576.0,31.9
2576.5,31.9
2577.0,31.6
2577.5,31.9
2578.0,31.5
2578.5,31.3
2579.0,31.5
2579.5,31.5
2580.0,31.3
2580.5,31.1
2581.0,31.3
2581.5,31.3
2582.0,31.4
2582.5,30.8
2583.0,31.1
2583.5,30.8
2584.0,30.6
2584.5,30.8
2585.0,30.8
2585.5,31.3
2586.0,31.2
2586.5,30.9
2587.0,30.9
2587.5,30.6
2588.0,30.8
2588.5,30.8
2589.0,30.6
2589.5,30.7
2590.0,30.6
2590.5,30.8
2591.0,30.7
2591.5,30.7
2592.0,30.4
2592.5,30.6
2593.0,30.8
2593.5,30.8
2594.0,30.3
2594.5,30.3
2595.0,30.3
2595.5,30.3
2596.0,30.3
2596.5,30.5
2597.0,30.5
2597.5,30.6
2598.0,30.3
2598.5,30.3
2599.0,30.5
2599.5,30.5
2600.0,30.7
2600.5,30.7
2601.0,29.9
2601.5,29.7
2602.0,29.7
2602.5,29.0
2603.0,29.7
2603.5,29.7
2604.0,29.6
2604.5,29.0
2605.0,29.7
2605.5,29.7
2606.0,29.5
2606.5,29.7
2607.0,29.1
2607.5,29.1
2608.0,29.0
2608.5,29.0
2609.0,29.0
2609.5,29.0
2610.0,28.9
2610.5,29.3
2611.0,29.6
2611.5,29.1
2612.0,29.0
2612.5,28.9
2613.0,29.0
2613.5,29.1
2614.0,29.0
2614.5,29.0
2615.0,28.9
2615.5,29.1
2616.0,28.5
2616.5,28.5
2617.0,28.5
2617.5,28.5
2618.0,28.5
2618.5,28.5
2619.0,28.9
2619.5,28.8
2620.0,28.5
2620.5,28.5
2621.0,28.4
2621.5,28.5
2622.0,28.5
2622.5,29.0
2623.0,28.8
2623.5,28.5
2624.0,28.5
2624.5,28.3
2625.0,27.9
2625.5,28.4
2626.0,28.8
2626.5,28.8
2627.0,29.0
2627.5,29.0
2628.0,29.0
2628.5,29.0
2629.0,29.0
2629.5,28.9
2630.0,28.9
2630.5,29.0
2631.0,29.0
2631.5,28.9
2632.0,29.0
2632.5,28.5
2633.0,28.5
2633.5,28.6
2634.0,28.9
2634.5,28.9
2635.0,29.1
2635.5,28.8
2636.0,29.1
2636.5,29.0
2637.0,28.9
2637.5,29.0
2638.0,28.9
2638.5,28.5
2639.0,28.5
2639.5,28.8
2640.0,28.9
2640.5,28.8
2641.0,28.5
2641.5,29.0
2642.0,28.9
2642.5,29.0
2643.0,29.6
2643.5,29.1
2644.0,28.9
2644.5,29.0
2645.0,29.0
2645.5,29.1
2646.0,29.0
2646.5,29.1
2647.0,29.1
2647.5,29.2
2648.0,29.5
2648.5,29.6
2649.0,29.1
2649.5,29.6
2650.0,29.7
2650.5,29.6
2651.0,29.6
2651.5,29.6
2652.0,29.5
2652.5,29.4
2653.0,29.7
2653.5,29.7
2654.0,29.6
2654.5,30.3
2655.0,30.3
2655.5,30.0
2656.0,29.8
2656.5,29.7
2657.0,29.7
2657.5,29.7
2658.0,29.6
2658.5,30.0
2659.0,29.7
2659.5,29.7
2660.0,29.6
2660.5,29.7
2661.0,29.7
2661.5,29.5
2662.0,29.7
2662.5,29.5
2663.0,29.4
2663.5,29.5
2664.0,29.5
2664.5,29.5
2665.0,29.7
2665.5,29.7
2666.0,29.7
2666.5,29.7
2667.0,30.2
2667.5,29.7
2668.0,30.2
2668.5,30.0
2669.0,30.3
2669.5,30.2
2670.0,30.2
2670.5,30.3
2671.0,30.3
2671.5,30.0
2672.0,30.2
2672.5,29.8
2673.0,29.7
2673.5,29.7
2674.0,30.3
2674.5,30.2
2675.0,30.3
2675.5,30.6
2676.0,30.8
2676.5,30.3
2677.0,30.3
2677.5,30.6
2678.0,30.6
2678.5,30.7
2679.0,31.1
2679.5,30.8
2680.0,31.1
2680.5,31.2
2681.0,31.3
2681.5,31.2
2682.0,31.0
2682.5,31.5
2683.0,31.5
2683.5,31.4
2684.0,30.9
2684.5,31.5
2685.0,31.3
2685.5,31.5
2686.0,32.1
2686.5,32.1
2687.0,32.5
2687.5,32.1
2688.0,32.1
2688.5,32.1
2689.0,32.5
2689.5,32.1
2690.0,32.1
2690.5,32.1
2691.0,32.1
2691.5,32.1
2692.0,32.6
2692.5,32.7
2693.0,32.6
2693.5,32.5
2694.0,32.5
2694.5,32.7
2695.0,32.8
2695.5,32.7
2696.0,32.7
2696.5,32.6
2697.0,32.6
2697.5,32.6
2698.0,32.5
2698.5,32.6
2699.0,32.7
2699.5,32.6
2700.0,32.9
2700.5,32.6
2701.0,32.6
2701.5,32.5
2702.0,32.6
2702.5,32.6
2703.0,32.7
2703.5,33.3
2704.0,33.0
2704.5,33.3
2705.0,33.3
2705.5,33.3
2706.0,33.2
2706.5,33.3
2707.0,33.3
2707.5,33.3
2708.0,33.2
2708.5,33.2
2709.0,33.3
2709.5,33.3
2710.0,33.8
2710.5,33.9
2711.0,33.7
2711.5,33.9
2712.0,33.8
2712.5,33.8
2713.0,33.5
2713.5,33.3
2714.0,33.3
2714.5,33.9
2715.0,33.9
2715.5,34.2
2716.0,34.4
2716.5,33.9
2717.0,33.8
2717.5,33.9
2718.0,33.8
2718.5,33.9
2719.0,33.9
2719.5,33.9
2720.0,34.2
2720.5,34.0
2721.0,34.4
2721.5,34.0
2722.0,33.9
2722.5,34.2
2723.0,33.9
2723.5,33.8
2724.0,33.9
2724.5,34.2
2725.0,33.9
2725.5,33.9
2726.0,33.9
2726.5,33.9
2727.0,34.3
2727.5,34.7
2728.0,34.5
2728.5,34.5
2729.0,34.6
2729.5,34.4
2730.0,34.3
2730.5,33.9
2731.0,34.0
2731.5,34.0
2732.0,34.0
2732.5,34.4
2733.0,34.3
2733.5,34.2
2734.0,34.1
2734.5,34.1
2735.0,33.9
2735.5,34.2
2736.0,34.3
2736.5,33.9
2737.0,34.0
2737.5,33.9
2738.0,33.9
2738.5,33.9
2739.0,34.3
2739.5,34.3
2740.0,33.9
2740.5,34.5
2741.0,33.9
2741.5,34.5
2742.0,34.5
2742.5,34.5
2743.0,34.4
2743.5,34.0
2744.0,33.9
2744.5,34.4
2745.0,33.9
2745.5,34.3
2746.0,34.1
2746.5,34.3
2747.0,34.5
2747.5,33.9
2748.0,33.9
2748.5,34.4
2749.0,33.9
2749.5,34.4
2750.0,34.2
2750.5,33.9
2751.0,33.9
2751.5,33.9
2752.0,34.0
2752.5,33.9
2753.0,33.9
2753.5,34.3
2754.0,33.9
2754.5,34.0
2755.0,34.2
2755.5,34.0
2756.0,34.2
2756.5,34.1
2757.0,33.9
2757.5,33.9
2758.0,33.3
2758.5,33.5
2759.0,33.9
2759.5,33.8
2760.0,33.5
2760.5,33.8
2761.0,33.8
2761.5,33.8
2762.0,33.3
2762.5,33.8
2763.0,33.4
2763.5,33.3
2764.0,33.9
2764.5,33.8
2765.0,33.3
2765.5,33.3
2766.0,33.2
2766.5,34.0
2767.0,33.4
2767.5,33.5
2768.0,33.3
2768.5,33.2
2769.0,33.4
2769.5,33.3
2770.0,33.3
2770.5,33.2
2771.0,33.2
2771.5,33.2
2772.0,32.9
2772.5,33.3
2773.0,33.3
2773.5,33.3
2774.0,33.2
2774.5,33.4
2775.0,33.2
2775.5,33.3
2776.0,33.3
2776.5,33.1
2777.0,33.1
2777.5,33.2
2778.0,33.1
2778.5,33.2
2779.0,32.8
2779.5,33.1
2780.0,32.6
2780.5,32.5
2781.0,32.6
2781.5,32.1
2782.0,32.1
2782.5,32.1
2783.0,32.1
2783.5,32.6
2784.0,32.2
2784.5,32.5
2785.0,32.4
2785.5,32.2
2786.0,32.6
2786.5,32.4
2787.0,32.3
2787.5,32.4
2788.0,32.1
2788.5,32.6
2789.0,32.2
2789.5,32.6
2790.0,32.5
2790.5,31.9
2791.0,32.1
2791.5,32.1
2792.0,32.0
2792.5,32.0
2793.0,32.1
2793.5,32.0
2794.0,31.9
2794.5,31.3
2795.0,31.5
2795.5,31.3
2796.0,31.3
2796.5,31.3
2797.0,30.8
2797.5,31.3
2798.0,30.8
2798.5,30.8
2799.0,31.2
2799.5,31.3
2800.0,31.5
2800.5,31.3
2801.0,31.1
2801.5,31.5
2802.0,31.4
2802.5,30.9
2803.0,31.3
2803.5,31.3
2804.0,31.3
2804.5,30.8
2805.0,30.8
2805.5,31.5
2806.0,30.8
2806.5,30.8
2807.0,30.8
2807.5,30.8
2808.0,30.9
2808.5,30.8
2809.0,30.8
2809.5,31.1
2810.0,30.8
2810.5,30.8
2811.0,30.8
2811.5,30.8
2812.0,30.7
2812.5,30.8
2813.0,30.4
2813.5,30.7
2814.0,30.3
2814.5,30.3
2815.0,30.8
2815.5,30.3
2816.0,30.5
2816.5,30.3
2817.0,30.1
2817.5,30.2
2818.0,30.3
2818.5,30.3
2819.0,30.3
2819.5,30.2
2820.0,30.2
2820.5,29.9
2821.0,29.7
2821.5,30.2
2822.0,29.9
2822.5,30.0
2823.0,30.2
2823.5,30.3
2824.0,30.4
2824.5,30.3
2825.0,30.3
2825.5,30.5
2826.0,29.9
2826.5,30.0
2827.0,29.9
2827.5,30.3
2828.0,30.3
2828.5,29.7
2829.0,29.7
2829.5,29.7
2830.0,29.2
2830.5,29.9
2831.0,29.7
2831.5,29.6
2832.0,29.6
2832.5,29.5
2833.0,29.7
2833.5,29.7
2834.0,29.7
2834.5,30.1
2835.0,29.5
2835.5,29.7
2836.0,29.9
2836.5,29.7
2837.0,29.7
2837.5,29.3
2838.0,29.7
2838.5,29.7
2839.0,29.5
2839.5,29.7
2840.0,29.6
2840.5,29.1
2841.0,29.7
2841.5,29.4
2842.0,29.7
2842.5,29.7
2843.0,29.3
2843.5,29.3
2844.0,29.7
2844.5,29.7
2845.0,29.6
2845.5,29.7
2846.0,29.5
2846.5,29.7
2847.0,29.2
2847.5,29.3
2848.0,29.6
2848.5,29.5
2849.0,29.7
2849.5,29.5
2850.0,29.7
2850.5,29.6
2851.0,29.2
2851.5,29.7
2852.0,29.7
2852.5,29.7
2853.0,29.7
2853.5,29.7
2854.0,29.3
2854.5,29.5
2855.0,29.3
2855.5,29.6
2856.0,29.6
2856.5,29.7
2857.0,29.9
2857.5,29.6
2858.0,29.7
2858.5,29.7
2859.0,29.6
2859.5,29.7
2860.0,29.6
2860.5,30.0
2861.0,29.7
2861.5,29.7
2862.0,30.3
2862.5,30.2
2863.0,30.1
2863.5,30.1
2864.0,30.0
2864.5,30.2
2865.0,30.1
2865.5,30.3
2866.0,30.8
2866.5,30.5
2867.0,30.3
2867.5,30.3
2868.0,30.2
2868.5,30.3
2869.0,30.3
2869.5,29.9
2870.0,30.3
2870.5,29.7
2871.0,30.2
2871.5,30.3
2872.0,30.3
2872.5,30.8
2873.0,30.6
2873.5,30.3
2874.0,30.7
2874.5,29.7
2875.0,30.1
2875.5,29.9
2876.0,30.3
2876.5,30.5
2877.0,30.3
2877.5,30.3
2878.0,30.6
2878.5,30.3
2879.0,30.3
2879.5,30.7
2880.0,30.9
2880.5,30.7
2881.0,30.3
2881.5,30.4
2882.0,30.6
2882.5,30.2
2883.0,30.3
2883.5,30.6
2884.0,30.3
2884.5,30.9
2885.0,30.3
2885.5,30.3
2886.0,30.6
2886.5,30.8
2887.0,30.8
2887.5,30.6
2888.0,30.7
2888.5,30.8
2889.0,30.6
2889.5,30.9
2890.0,30.7
2890.5,30.2
2891.0,30.8
2891.5,30.9
2892.0,30.4
2892.5,30.7
2893.0,30.3
2893.5,30.7
2894.0,30.9
2894.5,30.8
2895.0,31.3
2895.5,30.8
2896.0,30.7
2896.5,31.1
2897.0,30.3
2897.5,30.8
2898.0,31.1
2898.5,30.9
2899.0,30.9
2899.5,30.8
2900.0,31.3
2900.5,31.5
2901.0,30.8
2901.5,31.5
2902.0,31.5
2902.5,31.3
2903.0,31.5
2903.5,31.2
2904.0,32.0
2904.5,32.0
2905.0,31.5
2905.5,31.8
2906.0,31.4
2906.5,32.1
2907.0,32.5
2907.5,31.6
2908.0,32.1
2908.5,32.0
2909.0,32.3
2909.5,32.6
2910.0,32.1
2910.5,32.6
2911.0,32.6
2911.5,31.6
2912.0,32.1
2912.5,31.7
2913.0,31.5
2913.5,32.1
2914.0,31.5
2914.5,31.7
2915.0,31.5
2915.5,31.5
2916.0,31.5
2916.5,31.3
2917.0,32.0
2917.5,32.0
2918.0,31.4
2918.5,31.7
2919.0,31.7
2919.5,31.9
2920.0,32.3
2920.5,32.0
2921.0,31.9
2921.5,32.1
2922.0,32.0
2922.5,32.4
2923.0,32.4
2923.5,32.1
2924.0,32.6
2924.5,32.1
2925.0,31.8
2925.5,31.8
2926.0,32.1
2926.5,32.1
2927.0,31.9
2927.5,31.5
2928.0,31.9
2928.5,31.5
2929.0,32.6
2929.5,32.5
2930.0,32.0
2930.5,32.7
2931.0,32.1
2931.5,32.0
2932.0,32.0
2932.5,31.8
2933.0,32.5
2933.5,32.1
2934.0,32.1
2934.5,32.9
2935.0,32.4
2935.5,32.6
2936.0,32.5
2936.5,32.1
2937.0,32.0
2937.5,31.7
2938.0,32.1
2938.5,32.1
2939.0,32.0
2939.5,32.6
2940.0,32.7
2940.5,32.1
2941.0,32.6
2941.5,32.1
2942.0,32.4
2942.5,32.5
2943.0,32.4
2943.5,32.7
2944.0,32.4
2944.5,32.3
2945.0,32.6
2945.5,32.6
2946.0,33.1
2946.5,32.9
2947.0,33.0
2947.5,33.3
2948.0,33.1
2948.5,33.0
2949.0,33.1
2949.5,32.7
2950.0,33.2
2950.5,33.3
2951.0,32.8
2951.5,33.2
2952.0,32.6
2952.5,33.0
2953.0,33.3
2953.5,33.2
2954.0,33.6
2954.5,33.3
2955.0,33.8
2955.5,33.9
2956.0,33.1
2956.5,33.3
2957.0,33.1
2957.5,33.1
2958.0,33.7
2958.5,32.6
2959.0,32.9
2959.5,33.1
2960.0,32.6
2960.5,33.1
2961.0,32.8
2961.5,32.7
2962.0,33.1
2962.5,32.9
2963.0,33.1
2963.5,33.0
2964.0,32.7
2964.5,33.3
2965.0,33.3
2965.5,33.2
2966.0,33.3
2966.5,32.9
2967.0,33.1
2967.5,32.7
2968.0,32.6
2968.5,33.3
2969.0,33.2
2969.5,33.2
2970.0,32.6
2970.5,32.5
2971.0,33.2
2971.5,32.9
2972.0,32.6
2972.5,33.1
2973.0,32.6
2973.5,32.8
2974.0,32.7
2974.5,32.5
2975.0,32.6
2975.5,32.4
2976.0,32.6
2976.5,32.8
2977.0,32.6
2977.5,33.1
2978.0,33.0
2978.5,32.7
2979.0,33.2
2979.5,32.7
2980.0,32.5
2980.5,32.6
2981.0,32.6
2981.5,32.6
2982.0,32.5
2982.5,32.6
2983.0,33.3
2983.5,32.6
2984.0,32.9
2984.5,32.9
2985.0,32.8
2985.5,33.3
2986.0,32.7
2986.5,32.5
2987.0,32.1
2987.5,32.1
2988.0,32.4
2988.5,32.6
2989.0,32.1
2989.5,32.6
2990.0,32.6
2990.5,32.5
2991.0,32.4
2991.5,32.6
2992.0,32.6
2992.5,32.2
2993.0,32.6
2993.5,32.6
2994.0,32.2
2994.5,32.4
2995.0,32.5
2995.5,32.6
2996.0,32.6
2996.5,32.3
2997.0,32.5
2997.5,32.1
2998.0,31.7
2998.5,32.1
2999.0,31.7
2999.5,32.0
3000.0,32.1
3000.5,31.4
3001.0,31.5
3001.5,31.6
3002.0,31.3
3002.5,31.5
3003.0,31.4
3003.5,31.5
3004.0,31.8
3004.5,32.0
3005.0,32.1
3005.5,32.5
3006.0,32.1
3006.5,32.2
3007.0,32.4
3007.5,32.3
3008.0,32.3
3008.5,32.1
3009.0,32.1
3009.5,31.5
3010.0,31.5
3010.5,31.7
3011.0,31.5
3011.5,31.5
3012.0,31.7
3012.5,31.4
3013.0,31.5
3013.5,31.7
3014.0,31.5
3014.5,31.3
3015.0,30.9
3015.5,31.5
3016.0,31.5
3016.5,31.4
3017.0,31.7
3017.5,31.5
3018.0,31.3
3018.5,31.5
3019.0,31.5
3019.5,32.0
3020.0,31.1
3020.5,31.4
3021.0,31.0
3021.5,31.1
3022.0,30.8
3022.5,31.0
3023.0,31.3
3023.5,30.8
3024.0,31.0
3024.5,30.8
3025.0,30.9
3025.5,30.8
3026.0,31.1
3026.5,31.4
3027.0,31.5
3027.5,31.3
3028.0,31.1
3028.5,31.0
3029.0,31.1
3029.5,31.5
3030.0,31.5
3030.5,31.4
3031.0,31.3
3031.5,31.5
3032.0,30.9
3032.5,30.9
3033.0,31.3
3033.5,31.2
3034.0,31.0
3034.5,31.5
3035.0,30.8
3035.5,30.8
3036.0,30.8
3036.5,31.4
3037.0,30.9
3037.5,30.8
3038.0,31.5
3038.5,31.1
3039.0,30.8
3039.5,30.8
3040.0,31.3
3040.5,31.0
3041.0,30.8
3041.5,31.3
3042.0,31.5
3042.5,31.3
3043.0,31.5
3043.5,31.5
3044.0,31.3
3044.5,31.1
3045.0,31.3
3045.5,30.8
3046.0,30.8
3046.5,31.1
3047.0,31.1
3047.5,30.8
3048.0,30.7
3048.5,30.7
3049.0,30.7
3049.5,30.8
3050.0,30.6
3050.5,30.9
3051.0,30.3
3051.5,30.3
3052.0,31.0
3052.5,30.8
3053.0,30.8
3053.5,30.8
3054.0,30.3
3054.5,30.8
3055.0,30.7
3055.5,30.7
3056.0,30.8
3056.5,30.4
3057.0,30.8
3057.5,30.8
3058.0,30.4
3058.5,30.8
3059.0,30.3
3059.5,30.5
3060.0,30.3
3060.5,30.3
3061.0,30.7
3061.5,30.3
3062.0,30.1
3062.5,30.8
3063.0,30.7
3063.5,30.8
3064.0,31.0
3064.5,30.7
3065.0,30.8
3065.5,30.9
3066.0,30.8
3066.5,30.6
3067.0,30.3
3067.5,30.6
3068.0,30.6
3068.5,30.5
3069.0,30.3
3069.5,30.3
3070.0,30.6
3070.5,30.6
3071.0,30.9
3071.5,31.2
3072.0,30.3
3072.5,30.8
3073.0,30.9
3073.5,30.4
3074.0,30.3
3074.5,30.7
3075.0,30.8
3075.5,31.4
3076.0,30.9
3076.5,31.4
3077.0,31.0
3077.5,30.3
3078.0,30.7
3078.5,30.7
3079.0,30.6
3079.5,30.7
3080.0,30.4
3080.5,30.7
3081.0,30.3
3081.5,30.8
3082.0,30.9
3082.5,30.4
3083.0,30.8
3083.5,30.8
3084.0,30.5
3084.5,30.7
3085.0,30.8
3085.5,30.7
3086.0,30.8
3086.5,31.0
3087.0,30.9
3087.5,30.6
3088.0,30.3
3088.5,30.3
3089.0,30.4
3089.5,30.2
3090.0,30.6
3090.5,30.2
3091.0,30.5
3091.5,30.3
3092.0,30.3
3092.5,30.5
3093.0,30.4
3093.5,30.8
3094.0,30.9
3094.5,30.8
3095.0,30.9
3095.5,31.3
3096.0,31.0
3096.5,31.1
3097.0,31.5
3097.5,31.5
3098.0,31.3
3098.5,31.2
3099.0,31.2
3099.5,30.8
3100.0,30.8
3100.5,31.2
3101.0,30.8
3101.5,30.4
3102.0,30.7
3102.5,30.8
3103.0,30.6
3103.5,30.2
3104.0,30.3
3104.5,30.3
3105.0,30.3
3105.5,30.6
3106.0,30.7
3106.5,30.6
3107.0,30.8
3107.5,30.7
3108.0,30.8
3108.5,30.8
3109.0,30.9
3109.5,31.2
3110.0,31.1
3110.5,31.0
3111.0,31.3
3111.5,31.1
3112.0,30.8
3112.5,31.3
3113.0,30.8
3113.5,31.0
3114.0,30.8
3114.5,30.8
3115.0,30.8
3115.5,30.8
3116.0,30.8
3116.5,31.3
3117.0,30.8
3117.5,30.9
3118.0,31.0
3118.5,30.9
3119.0,31.0
3119.5,31.3
3120.0,31.3
3120.5,31.5
3121.0,30.9
3121.5,31.5
3122.0,31.3
3122.5,31.3
3123.0,31.8
3123.5,32.0
3124.0,31.5
3124.5,32.0
3125.0,32.1
3125.5,31.7
3126.0,32.4
3126.5,32.1
3127.0,32.2
3127.5,32.4
3128.0,32.5
3128.5,32.4
3129.0,32.0
3129.5,32.1
3130.0,32.5
3130.5,32.0
3131.0,32.3
3131.5,32.5
3132.0,32.4
3132.5,32.0
3133.0,32.1
3133.5,32.4
3134.0,32.3
3134.5,31.5
3135.0,32.6
3135.5,32.2
3136.0,32.0
3136.5,32.0
3137.0,32.0
3137.5,32.1
3138.0,31.7
3138.5,31.9
3139.0,32.0
3139.5,32.1
3140.0,32.3
3140.5,32.5
3141.0,32.0
3141.5,32.1
3142.0,31.8
3142.5,31.7
3143.0,31.7
3143.5,31.7
3144.0,32.1
3144.5,31.7
3145.0,32.0
3145.5,32.5
3146.0,31.6
3146.5,32.1
3147.0,32.4
3147.5,32.0
3148.0,32.7
3148.5,32.6
3149.0,33.0
3149.5,33.2
3150.0,32.5
3150.5,32.7
3151.0,32.6
3151.5,32.9
3152.0,33.3
3152.5,33.1
3153.0,33.2
3153.5,33.3
3154.0,33.3
3154.5,33.4
3155.0,33.3
3155.5,33.5
3156.0,33.8
3156.5,33.5
3157.0,33.7
3157.5,33.7
3158.0,33.5
3158.5,33.8
3159.0,33.5
3159.5,33.9
3160.0,33.8
3160.5,33.3
3161.0,33.7
3161.5,33.8
3162.0,33.5
3162.5,33.8
3163.0,33.3
3163.5,33.2
3164.0,33.8
3164.5,33.6
3165.0,33.3
3165.5,33.5
3166.0,33.9
3166.5,33.8
3167.0,33.3
3167.5,33.3
3168.0,33.8
3168.5,33.1
3169.0,33.6
3169.5,33.9
3170.0,33.6
3170.5,33.8
3171.0,33.5
3171.5,33.9
3172.0,33.5
3172.5,33.3
3173.0,33.7
3173.5,33.5
3174.0,33.9
3174.5,33.9
3175.0,33.2
3175.5,33.1
3176.0,32.8
3176.5,33.1
3177.0,33.1
3177.5,32.7
3178.0,33.1
3178.5,32.9
3179.0,32.6
3179.5,33.1
3180.0,33.1
3180.5,32.7
3181.0,33.0
3181.5,33.1
3182.0,33.5
3182.5,33.2
3183.0,32.9
3183.5,33.0
3184.0,32.6
3184.5,32.6
3185.0,32.7
3185.5,32.5
3186.0,32.5
3186.5,32.4
3187.0,32.5
3187.5,32.6
3188.0,32.4
3188.5,32.6
3189.0,32.7
3189.5,32.2
3190.0,32.7
3190.5,32.6
3191.0,32.8
3191.5,32.7
3192.0,32.6
3192.5,32.8
3193.0,32.5
3193.5,32.6
3194.0,33.3
3194.5,32.6
3195.0,32.6
3195.5,32.6
3196.0,32.6
3196.5,33.1
3197.0,32.8
3197.5,33.0
3198.0,32.7
3198.5,32.5
3199.0,32.9
3199.5,32.5
3200.0,32.6
3200.5,32.7
3201.0,32.1
3201.5,32.6
3202.0,32.8
3202.5,32.6
3203.0,33.0
3203.5,32.7
3204.0,33.2
3204.5,32.9
3205.0,32.6
3205.5,32.6
3206.0,32.8
3206.5,32.1
3207.0,32.4
3207.5,32.1
3208.0,32.1
3208.5,32.3
3209.0,32.4
3209.5,32.9
3210.0,32.1
3210.5,32.0
3211.0,32.3
3211.5,32.0
3212.0,32.1
3212.5,32.6
3213.0,32.1
3213.5,32.4
3214.0,32.3
3214.5,32.6
3215.0,33.1
3215.5,32.5
3216.0,32.4
3216.5,32.0
3217.0,31.7
3217.5,32.3
3218.0,32.1
3218.5,32.0
3219.0,32.0
3219.5,31.9
3220.0,32.3
3220.5,32.0
3221.0,32.1
3221.5,32.5
3222.0,32.1
3222.5,32.2
3223.0,32.3
3223.5,31.4
3224.0,32.0
3224.5,31.7
3225.0,32.0
3225.5,31.9
3226.0,31.5
3226.5,32.1
3227.0,32.0
3227.5,31.4
3228.0,32.2
3228.5,32.0
3229.0,32.0
3229.5,32.2
3230.0,32.1
3230.5,32.3
3231.0,31.4
3231.5,31.3
3232.0,31.7
3232.5,31.1
3233.0,31.4
3233.5,31.4
3234.0,31.1
3234.5,31.5
3235.0,30.7
3235.5,31.1
3236.0,31.3
3236.5,30.4
3237.0,31.3
3237.5,30.8
3238.0,30.6
3238.5,30.8
3239.0,30.3
3239.5,30.6
3240.0,30.8
3240.5,30.2
3241.0,30.8
3241.5,30.3
3242.0,30.4
3242.5,31.0
3243.0,30.4
3243.5,30.6
3244.0,30.8
3244.5,30.3
3245.0,31.2
3245.5,30.4
3246.0,30.2
3246.5,30.9
3247.0,30.3
3247.5,30.7
3248.0,30.4
3248.5,30.2
3249.0,30.8
3249.5,30.2
3250.0,30.7
3250.5,31.1
3251.0,30.8
3251.5,31.4
3252.0,30.8
3252.5,30.6
3253.0,31.0
3253.5,30.4
3254.0,30.7
3254.5,30.8
3255.0,30.3
3255.5,31.3
3256.0,30.8
3256.5,30.8
3257.0,31.1
3257.5,30.7
3258.0,31.3
3258.5,31.2
3259.0,31.1
3259.5,31.5
3260.0,30.8
3260.5,31.0
3261.0,30.8
3261.5,30.3
3262.0,30.8
3262.5,30.3
3263.0,30.3
3263.5,30.7
3264.0,29.9
3264.5,30.7
3265.0,30.3
3265.5,30.2
3266.0,30.9
3266.5,30.2
3267.0,30.6
3267.5,30.8
3268.0,30.6
3268.5,31.3
3269.0,30.7
3269.5,30.8
3270.0,31.5
3270.5,30.6
3271.0,31.2
3271.5,30.8
3272.0,30.4
3272.5,31.3
3273.0,31.0
3273.5,31.1
3274.0,31.5
3274.5,31.2
3275.0,31.5
3275.5,31.5
3276.0,30.8
3276.5,31.3
3277.0,30.6
3277.5,31.3
3278.0,31.2
3278.5,31.5
3279.0,32.1
3279.5,31.7
3280.0,31.5
3280.5,31.4
3281.0,30.9
3281.5,31.8
3282.0,31.5
3282.5,31.5
3283.0,32.6
3283.5,32.1
3284.0,32.2
3284.5,32.3
3285.0,31.6
3285.5,31.9
3286.0,31.5
3286.5,31.5
3287.0,32.0
3287.5,31.5
3288.0,32.0
3288.5,32.1
3289.0,31.3
3289.5,32.0
3290.0,31.5
3290.5,31.4
3291.0,32.1
3291.5,31.8
3292.0,31.7
3292.5,31.7
3293.0,30.9
3293.5,31.8
3294.0,31.1
3294.5,31.0
3295.0,31.7
3295.5,31.2
3296.0,31.8
3296.5,31.7
3297.0,30.9
3297.5,31.6
3298.0,31.3
3298.5,31.5
3299.0,31.5
3299.5,30.9
3300.0,31.9
3300.5,31.5
3301.0,31.5
3301.5,32.1
3302.0,31.4
3302.5,31.5
3303.0,31.7
3303.5,31.4
3304.0,31.7
3304.5,31.5
3305.0,31.5
3305.5,31.8
3306.0,31.1
3306.5,31.5
3307.0,31.5
3307.5,31.4
3308.0,31.8
3308.5,31.9
3309.0,31.7
3309.5,31.7
3310.0,31.6
3310.5,31.5
3311.0,31.5
3311.5,31.5
3312.0,31.8
3312.5,31.5
3313.0,32.0
3313.5,32.1
3314.0,31.9
3314.5,32.0
3315.0,31.5
3315.5,31.7
3316.0,31.5
3316.5,30.8
3317.0,31.5
3317.5,31.5
3318.0,31.1
3318.5,31.3
3319.0,31.4
3319.5,31.5
3320.0,31.5
3320.5,31.3
3321.0,31.5
3321.5,31.5
3322.0,31.5
3322.5,32.0
3323.0,31.1
3323.5,31.5
3324.0,31.5
3324.5,31.3
3325.0,31.6
3325.5,31.1
3326.0,31.5
3326.5,31.7
3327.0,31.2
3327.5,31.6
3328.0,31.9
3328.5,31.5
3329.0,31.8
3329.5,31.5
3330.0,31.5
3330.5,31.3
3331.0,31.2
3331.5,31.4
3332.0,30.8
3332.5,31.5
3333.0,31.4
3333.5,31.3
3334.0,31.5
3334.5,31.6
3335.0,31.7
3335.5,31.5
3336.0,31.7
3336.5,32.0
3337.0,32.0
3337.5,31.5
3338.0,32.6
3338.5,32.3
3339.0,32.6
3339.5,32.5
3340.0,32.0
3340.5,32.1
3341.0,32.1
3341.5,32.0
3342.0,32.1
3342.5,32.0
3343.0,32.1
3343.5,32.0
3344.0,31.5
3344.5,31.9
3345.0,32.0
3345.5,32.1
3346.0,32.1
3346.5,32.1
3347.0,32.0
3347.5,32.1
3348.0,32.0
3348.5,32.5
3349.0,32.1
3349.5,32.5
3350.0,32.5
3350.5,32.3
3351.0,32.6
3351.5,32.6
3352.0,32.7
3352.5,32.6
3353.0,32.5
3353.5,32.6
3354.0,33.3
3354.5,32.9
3355.0,33.3
3355.5,33.5
3356.0,33.3
3356.5,33.3
3357.0,33.2
3357.5,33.2
3358.0,33.1
3358.5,33.2
3359.0,33.3
3359.5,33.2
3360.0,33.2
3360.5,33.3
3361.0,33.1
3361.5,33.1
3362.0,32.9
3362.5,32.6
3363.0,33.2
3363.5,33.1
3364.0,33.3
3364.5,33.3
3365.0,33.1
3365.5,33.3
3366.0,33.3
3366.5,33.1
3367.0,33.3
3367.5,33.3
3368.0,33.3
3368.5,33.3
3369.0,33.0
3369.5,33.1
3370.0,33.3
3370.5,33.4
3371.0,33.3
3371.5,32.6
3372.0,33.3
3372.5,33.1
3373.0,32.9
3373.5,32.6
3374.0,32.9
3374.5,33.1
3375.0,33.4
3375.5,33.3
3376.0,33.3
3376.5,33.3
3377.0,33.0
3377.5,33.3
3378.0,33.3
3378.5,33.3
3379.0,33.3
3379.5,33.3
3380.0,33.3
3380.5,33.2
3381.0,33.7
3381.5,33.5
3382.0,33.3
3382.5,33.8
3383.0,33.8
3383.5,33.6
3384.0,33.3
3384.5,33.3
3385.0,33.2
3385.5,33.3
3386.0,33.3
3386.5,33.8
3387.0,33.3
3387.5,33.2
3388.0,33.6
3388.5,33.5
3389.0,33.4
3389.5,33.3
3390.0,33.3
3390.5,33.3
3391.0,33.0
3391.5,33.8
3392.0,33.9
3392.5,33.3
3393.0,33.9
3393.5,33.9
3394.0,33.5
3394.5,33.3
3395.0,33.3
3395.5,33.5
3396.0,33.3
3396.5,33.3
3397.0,33.3
3397.5,33.1
3398.0,32.8
3398.5,33.1
3399.0,33.0
3399.5,33.3
3400.0,33.3
3400.5,33.2
3401.0,32.8
3401.5,32.6
3402.0,32.5
3402.5,32.7
3403.0,32.5
3403.5,33.2
3404.0,32.7
3404.5,32.6
3405.0,32.8
3405.5,32.6
3406.0,33.1
3406.5,32.7
3407.0,32.5
3407.5,32.6
3408.0,32.6
3408.5,32.4
3409.0,32.7
3409.5,32.6
3410.0,33.3
3410.5,33.2
3411.0,32.6
3411.5,32.5
3412.0,32.4
3412.5,32.8
3413.0,32.6
3413.5,32.6
3414.0,33.1
3414.5,32.7
3415.0,32.6
3415.5,33.3
3416.0,32.7
3416.5,33.2
3417.0,32.7
3417.5,32.6
3418.0,32.6
3418.5,32.4
3419.0,32.6
3419.5,32.6
3420.0,32.5
3420.5,32.6
3421.0,32.6
3421.5,32.5
3422.0,32.7
3422.5,32.6
3423.0,32.6
3423.5,32.6
3424.0,32.5
3424.5,32.7
3425.0,32.6
3425.5,32.7
3426.0,32.9
3426.5,32.5
3427.0,33.0
3427.5,32.9
3428.0,32.8
3428.5,33.1
3429.0,32.6
3429.5,32.6
3430.0,32.7
3430.5,32.1
3431.0,32.4
3431.5,32.1
3432.0,32.7
3432.5,32.6
3433.0,32.1
3433.5,32.4
3434.0,31.9
3434.5,31.7
3435.0,31.6
3435.5,31.3
3436.0,31.3
3436.5,31.5
3437.0,31.5
3437.5,31.5
3438.0,31.7
3438.5,31.5
3439.0,31.4
3439.5,30.8
3440.0,31.1
3440.5,31.1
3441.0,31.3
3441.5,31.5
3442.0,31.5
3442.5,31.5
3443.0,31.5
3443.5,32.1
3444.0,31.5
3444.5,31.5
3445.0,32.0
3445.5,32.0
3446.0,31.9
3446.5,32.0
3447.0,31.9
3447.5,31.9
3448.0,32.1
3448.5,31.5
3449.0,31.3
3449.5,31.5
3450.0,32.0
3450.5,31.5
3451.0,31.4
3451.5,31.1
3452.0,31.3
3452.5,31.5
3453.0,30.8
3453.5,30.7
3454.0,30.8
3454.5,30.8
3455.0,30.8
3455.5,30.9
3456.0,30.8
3456.5,30.9
3457.0,30.6
3457.5,30.8
3458.0,30.7
3458.5,30.8
3459.0,30.8
3459.5,31.3
3460.0,31.4
3460.5,31.5
3461.0,31.5
3461.5,31.3
3462.0,31.0
3462.5,31.5
3463.0,30.9
3463.5,31.0
3464.0,31.3
3464.5,31.3
3465.0,31.3
3465.5,30.8
3466.0,31.1
3466.5,31.5
3467.0,31.2
3467.5,30.8
3468.0,30.8
3468.5,30.8
3469.0,30.8
3469.5,30.8
3470.0,30.7
3470.5,30.7
3471.0,30.9
3471.5,30.7
3472.0,30.9
3472.5,30.8
3473.0,31.5
3473.5,31.1
3474.0,31.3
3474.5,31.5
3475.0,31.5
3475.5,31.5
3476.0,31.5
3476.5,31.5
3477.0,31.3
3477.5,31.5
3478.0,31.3
3478.5,31.3
3479.0,30.8
3479.5,31.4
3480.0,31.3
3480.5,30.9
3481.0,31.5
3481.5,30.8
3482.0,31.1
3482.5,31.0
3483.0,30.8
3483.5,30.9
3484.0,30.9
3484.5,30.9
3485.0,31.5
3485.5,31.3
3486.0,31.5
3486.5,31.5
3487.0,31.1
3487.5,31.5
3488.0,31.4
3488.5,31.3
3489.0,31.5
3489.5,30.9
3490.0,30.9
3490.5,30.9
3491.0,30.8
3491.5,31.1
3492.0,31.5
3492.5,31.4
3493.0,31.3
3493.5,31.2
3494.0,31.5
3494.5,31.3
3495.0,31.0
3495.5,31.5
3496.0,31.0
3496.5,30.7
3497.0,30.8
3497.5,30.8
3498.0,30.9
3498.5,30.8
3499.0,30.8
3499.5,30.8
3500.0,30.8
3500.5,30.9
3501.0,30.9
3501.5,30.4
3502.0,30.7
3502.5,30.6
3503.0,30.7
3503.5,30.7
3504.0,30.3
3504.5,30.7
3505.0,30.3
3505.5,30.1
3506.0,30.3
3506.5,30.3
3507.0,30.3
3507.5,30.5
3508.0,30.4
3508.5,30.9
3509.0,30.6
3509.5,30.8
3510.0,30.8
3510.5,30.5
3511.0,30.3
3511.5,30.3
3512.0,30.3
3512.5,30.3
3513.0,30.2
3513.5,30.2
3514.0,30.3
3514.5,30.2
3515.0,30.3
3515.5,30.3
3516.0,30.9
3516.5,30.7
3517.0,30.2
3517.5,30.2
3518.0,30.0
3518.5,30.1
3519.0,30.2
3519.5,29.9
3520.0,30.2
3520.5,29.9
3521.0,30.3
3521.5,30.3
3522.0,30.3
3522.5,30.5
3523.0,31.1
3523.5,30.8
3524.0,30.9
3524.5,30.7
3525.0,30.9
3525.5,30.9
3526.0,30.9
3526.5,30.6
3527.0,30.8
3527.5,30.5
3528.0,31.3
3528.5,31.0
3529.0,30.8
3529.5,31.1
3530.0,30.8
3530.5,31.1
3531.0,31.4
3531.5,30.9
3532.0,31.1
3532.5,31.0
3533.0,30.8
3533.5,31.5
3534.0,30.8
3534.5,31.3
3535.0,31.3
3535.5,30.8
3536.0,31.2
3536.5,30.9
3537.0,30.9
3537.5,31.4
3538.0,31.3
3538.5,32.0
3539.0,31.3
3539.5,31.4
3540.0,32.1
3540.5,31.5
3541.0,31.8
3541.5,31.5
3542.0,31.4
3542.5,31.5
3543.0,31.5
3543.5,31.5
3544.0,31.7
3544.5,31.1
3545.0,31.5
3545.5,31.8
3546.0,31.3
3546.5,31.9
3547.0,31.3
3547.5,31.7
3548.0,32.0
3548.5,31.5
3549.0,32.0
3549.5,31.4
3550.0,31.6
3550.5,31.8
3551.0,31.5
3551.5,31.9
3552.0,31.7
3552.5,32.0
3553.0,32.4
3553.5,31.7
3554.0,32.1
3554.5,32.6
3555.0,31.6
3555.5,32.6
3556.0,32.1
3556.5,31.8
3557.0,32.1
3557.5,31.5
3558.0,31.9
3558.5,32.1
3559.0,31.4
3559.5,32.1
3560.0,31.5
3560.5,31.5
3561.0,32.2
3561.5,32.0
3562.0,31.9
3562.5,31.9
3563.0,31.7
3563.5,32.1
3564.0,31.5
3564.5,31.8
3565.0,32.0
3565.5,31.6
3566.0,32.4
3566.5,32.1
3567.0,31.7
3567.5,32.5
3568.0,32.1
3568.5,31.7
3569.0,32.1
3569.5,31.7
3570.0,32.4
3570.5,32.1
3571.0,32.0
3571.5,32.1
3572.0,31.5
3572.5,32.0
3573.0,32.1
3573.5,31.4
3574.0,32.0
3574.5,32.1
3575.0,31.8
3575.5,32.3
3576.0,32.1
3576.5,32.1
3577.0,32.1
3577.5,31.5
3578.0,32.5
3578.5,32.1
3579.0,31.7
3579.5,32.2
3580.0,32.0
3580.5,32.0
3581.0,32.0
3581.5,31.7
3582.0,32.5
3582.5,32.0
3583.0,32.1
3583.5,32.7
3584.0,31.7
3584.5,32.0
3585.0,32.0
3585.5,31.8
3586.0,32.1
3586.5,31.8
3587.0,32.5
3587.5,32.1
3588.0,31.7
3588.5,32.5
3589.0,32.0
3589.5,32.1
3590.0,32.4
3590.5,32.1
3591.0,32.1
3591.5,32.3
3592.0,32.1
3592.5,32.7
3593.0,32.0
3593.5,32.1
3594.0,32.5
3594.5,32.1
3595.0,32.4
3595.5,32.5
3596.0,32.4
3596.5,32.5
3597.0,32.4
3597.5,32.6
3598.0,32.7
3598.5,32.5
3599.0,32.8
3599.5,32.1
3600.0,31.8
3600.5,32.3
3601.0,32.1
3601.5,32.0
3602.0,32.0
3602.5,31.9
3603.0,32.1
3603.5,32.0
3604.0,32.1
3604.5,32.1
3605.0,31.1
3605.5,31.5
3606.0,32.1
3606.5,31.5
3607.0,32.5
3607.5,31.8
3608.0,32.0
3608.5,32.4
3609.0,32.0
3609.5,32.4
3610.0,32.0
3610.5,31.5
3611.0,32.1
3611.5,31.7
3612.0,32.4
3612.5,32.5
3613.0,31.8
3613.5,32.5
3614.0,32.2
3614.5,32.5
3615.0,32.6
3615.5,31.6
3616.0,32.5
3616.5,32.1
3617.0,31.5
3617.5,31.7
3618.0,31.5
3618.5,31.6
3619.0,32.0
3619.5,31.7
3620.0,31.8
3620.5,31.7
3621.0,31.5
3621.5,32.1
3622.0,31.4
3622.5,31.8
3623.0,32.0
3623.5,32.0
3624.0,32.1
3624.5,31.7
3625.0,32.0
3625.5,32.5
3626.0,31.5
3626.5,32.1
3627.0,31.7
3627.5,31.5
3628.0,32.0
3628.5,31.5
3629.0,32.0
3629.5,31.7
3630.0,31.7
3630.5,32.1
3631.0,31.7
3631.5,31.8
3632.0,32.1
3632.5,31.5
3633.0,31.8
3633.5,31.5
3634.0,31.5
3634.5,31.5
3635.0,31.5
3635.5,31.5
3636.0,32.1
3636.5,31.5
3637.0,32.0
3637.5,32.0
3638.0,32.1
3638.5,32.5
3639.0,32.1
3639.5,32.5
3640.0,32.2
3640.5,32.5
3641.0,32.6
3641.5,32.2
3642.0,32.5
3642.5,32.6
3643.0,32.0
3643.5,32.5
3644.0,32.2
3644.5,32.1
3645.0,32.1
3645.5,32.0
3646.0,32.0
3646.5,31.9
3647.0,31.4
3647.5,32.1
3648.0,31.5
3648.5,31.4
3649.0,31.6
3649.5,31.4
3650.0,31.5
3650.5,31.5
3651.0,31.7
3651.5,32.0
3652.0,31.9
3652.5,32.1
3653.0,32.1
3653.5,32.0
3654.0,32.1
3654.5,32.1
3655.0,32.1
3655.5,32.3
3656.0,32.1
3656.5,32.0
3657.0,32.3
3657.5,32.1
3658.0,32.4
3658.5,32.3
3659.0,32.4
3659.5,32.0
3660.0,32.0
3660.5,32.5
3661.0,32.2
3661.5,32.4
3662.0,32.1
3662.5,32.5
3663.0,32.5
3663.5,32.6
3664.0,32.1
3664.5,32.7
3665.0,32.1
3665.5,32.1
3666.0,32.1
3666.5,32.1
3667.0,32.0
3667.5,31.7
3668.0,32.1
3668.5,32.0
3669.0,31.7
3669.5,32.1
3670.0,32.0
3670.5,31.5
3671.0,31.5
3671.5,31.5
3672.0,32.0
3672.5,32.1
3673.0,32.1
3673.5,31.6
3674.0,31.1
3674.5,31.6
3675.0,31.5
3675.5,31.5
3676.0,32.1
3676.5,32.1
3677.0,32.0
3677.5,32.1
3678.0,31.6
3678.5,32.1
3679.0,32.1
3679.5,32.0
3680.0,32.1
3680.5,32.0
3681.0,32.0
3681.5,31.7
3682.0,31.5
3682.5,31.3
3683.0,31.1
3683.5,31.5
3684.0,32.0
3684.5,31.5
3685.0,31.7
3685.5,32.0
3686.0,31.5
3686.5,32.0
3687.0,31.6
3687.5,31.6
3688.0,31.5
3688.5,31.5
3689.0,31.5
3689.5,31.5
3690.0,31.8
3690.5,32.0
3691.0,31.5
3691.5,31.5
3692.0,31.7
3692.5,32.1
3693.0,31.9
3693.5,31.5
3694.0,32.0
3694.5,31.5
3695.0,31.8
3695.5,32.1
3696.0,31.5
3696.5,31.6
3697.0,31.5
3697.5,31.5
3698.0,32.0
3698.5,32.1
3699.0,32.1
3699.5,32.0
3700.0,31.6
3700.5,31.6
3701.0,32.0
3701.5,31.9
3702.0,31.6
3702.5,32.1
3703.0,31.5
3703.5,31.5
3704.0,31.3
3704.5,31.3
3705.0,31.5
3705.5,31.3
3706.0,31.2
3706.5,31.5
3707.0,31.4
3707.5,31.3
3708.0,31.7
3708.5,31.4
3709.0,31.6
3709.5,31.7
3710.0,31.5
3710.5,31.5
3711.0,30.9
3711.5,31.5
3712.0,31.5
3712.5,31.5
3713.0,31.5
3713.5,30.8
3714.0,30.8
3714.5,30.8
3715.0,30.8
3715.5,30.7
3716.0,30.9
3716.5,31.3
3717.0,31.5
3717.5,31.5
3718.0,31.4
3718.5,31.7
3719.0,31.5
3719.5,31.5
3720.0,31.7
3720.5,31.5
3721.0,31.5
3721.5,31.5
3722.0,31.1
3722.5,31.5
3723.0,31.5
3723.5,31.5
3724.0,31.9
3724.5,31.3
3725.0,31.5
3725.5,32.0
3726.0,31.5
3726.5,31.4
3727.0,31.3
3727.5,31.5
3728.0,31.6
3728.5,31.4
3729.0,32.0
3729.5,31.6
3730.0,32.0
3730.5,32.0
3731.0,31.5
3731.5,32.1
3732.0,32.0
3732.5,31.5
3733.0,32.0
3733.5,31.7
3734.0,31.8
3734.5,32.0
3735.0,31.5
3735.5,31.7
3736.0,31.5
3736.5,31.5
3737.0,32.0
3737.5,31.3
3738.0,31.5
3738.5,31.4
3739.0,31.1
3739.5,31.5
3740.0,31.5
3740.5,31.5
3741.0,31.5
3741.5,31.3
3742.0,31.5
3742.5,31.5
3743.0,31.4
3743.5,31.5
3744.0,31.0
3744.5,31.3
3745.0,31.6
3745.5,31.5
3746.0,31.6
3746.5,31.3
3747.0,31.5
3747.5,31.5
3748.0,31.6
3748.5,32.0
3749.0,32.1
3749.5,31.7
3750.0,32.2
3750.5,32.1
3751.0,32.0
3751.5,32.1
3752.0,32.0
3752.5,32.0
3753.0,31.6
3753.5,32.1
3754.0,32.1
3754.5,31.7
3755.0,32.1
3755.5,32.0
3756.0,31.8
3756.5,32.1
3757.0,32.0
3757.5,31.6
3758.0,32.2
3758.5,31.3
3759.0,32.0
3759.5,32.0
3760.0,31.3
3760.5,31.5
3761.0,31.5
3761.5,31.3
3762.0,32.1
3762.5,31.5
3763.0,31.9
3763.5,31.5
3764.0,31.5
3764.5,32.1
3765.0,31.2
3765.5,31.4
3766.0,31.4
3766.5,31.0
3767.0,31.5
3767.5,31.5
3768.0,31.5
3768.5,31.5
3769.0,31.5
3769.5,31.5
3770.0,31.2
3770.5,31.5
3771.0,31.5
3771.5,31.5
3772.0,31.5
3772.5,31.9
3773.0,31.5
3773.5,31.9
3774.0,32.1
3774.5,31.8
3775.0,32.1
3775.5,31.7
3776.0,32.1
3776.5,32.6
3777.0,32.0
3777.5,32.1
3778.0,31.5
3778.5,31.6
3779.0,31.5
3779.5,31.8
3780.0,31.7
3780.5,31.7
3781.0,31.6
3781.5,32.1
3782.0,31.6
3782.5,31.6
3783.0,31.9
3783.5,31.5
3784.0,31.6
3784.5,31.9
3785.0,32.1
3785.5,32.0
3786.0,32.0
3786.5,32.0
3787.0,32.1
3787.5,32.0
3788.0,32.1
3788.5,32.0
3789.0,32.1
3789.5,32.1
3790.0,31.9
3790.5,32.3
3791.0,32.1
3791.5,32.4
3792.0,32.8
3792.5,32.5
3793.0,32.6
3793.5,32.6
3794.0,32.3
3794.5,32.6
3795.0,32.4
3795.5,32.1
3796.0,32.1
3796.5,32.2
3797.0,32.5
3797.5,32.1
3798.0,32.1
3798.5,32.2
3799.0,32.1
3799.5,32.1
3800.0,32.1
3800.5,32.5
3801.0,32.6
3801.5,32.2
3802.0,32.4
3802.5,32.7
3803.0,32.1
3803.5,32.6
3804.0,32.6
3804.5,32.2
3805.0,32.4
3805.5,32.1
3806.0,32.5
3806.5,32.1
3807.0,32.1
3807.5,32.2
3808.0,32.1
3808.5,32.1
3809.0,32.6
3809.5,32.6
3810.0,32.6
3810.5,32.6
3811.0,32.7
3811.5,32.9
3812.0,32.6
3812.5,32.6
3813.0,32.6
3813.5,32.7
3814.0,32.6
3814.5,32.6
3815.0,32.6
3815.5,32.6
3816.0,32.4
3816.5,32.6
3817.0,32.8
3817.5,33.3
3818.0,33.3
3818.5,33.3
3819.0,33.3
3819.5,33.6
3820.0,33.3
3820.5,33.3
3821.0,33.3
3821.5,33.3
3822.0,33.9
3822.5,33.4
3823.0,33.7
3823.5,33.8
3824.0,33.3
3824.5,33.8
3825.0,33.2
3825.5,33.3
3826.0,33.6
3826.5,33.7
3827.0,33.8
3827.5,33.8
3828.0,33.3
3828.5,33.4
3829.0,33.2
3829.5,33.3
3830.0,33.4
3830.5,33.5
3831.0,33.3
3831.5,33.3
3832.0,33.1
3832.5,33.3
3833.0,32.7
3833.5,33.9
3834.0,33.5
3834.5,33.3
3835.0,33.3
3835.5,33.3
3836.0,33.2
3836.5,33.3
3837.0,33.1
3837.5,33.3
3838.0,33.3
3838.5,32.6
3839.0,33.3
3839.5,33.3
3840.0,33.2
3840.5,33.5
3841.0,33.3
3841.5,33.7
3842.0,33.3
3842.5,33.3
3843.0,33.3
